ACO,ABC,CS,DIRECT,HS,PSO,Firefly
1.7611,1.7611,1.7611,1.760397358,5.250744676,-0.480836941,-1.047875464
1.7611,1.7611,1.7611,1.760397358,1.373531137,1.294570537,-0.875478794
1.7611,1.7611,1.7611,1.760397358,10.88583244,-0.998580246,-1.127414342
1.7611,1.7611,1.7611,1.760397358,1.650634075,-1.113084548,1.232479514
1.7611,1.7611,1.7611,1.760397358,1.594444813,-0.906447223,-0.896772623
1.7611,1.7611,1.7611,1.760397358,3.494919936,-1.038180586,-0.952504736
1.7611,1.7611,1.7611,1.760397358,1.549245323,-1.059117283,-1.186910616
1.7611,1.7611,1.7611,1.760397358,11.43575282,-1.137169684,-1.038052441
1.7611,1.7611,1.7611,1.760397358,3.790062901,-0.732154654,0.048294014
1.7611,1.7611,1.7611,1.760397358,6.206572415,-0.891676801,-0.386189668
1.7611,1.7611,1.7611,1.760397358,3.578078248,-0.903711873,-1.181852793
1.7611,1.7611,1.7611,1.760397358,4.532969227,-0.983386426,-0.914551503
1.7611,1.7611,1.7611,1.760397358,1.572861495,-0.380898596,-1.088281034
1.7611,1.7611,1.7611,1.760397358,0.987868828,-0.260168913,-1.129044651
1.7611,1.7611,1.7611,1.760397358,1.428363738,-1.084093854,-1.169363325
1.7611,1.7611,1.7611,1.760397358,5.46485557,-0.953554227,-1.190312404
1.7611,1.7611,1.7611,1.760397358,1.259381171,-1.072011342,-1.127889762
1.7611,1.7611,1.7611,1.760397358,6.955423566,-0.911775573,-1.114447841
1.7611,1.7611,1.7611,1.760397358,1.508025316,0.42402124,-1.096223246
1.7611,1.7611,1.7611,1.760397358,1.660448853,1.661692394,-1.214897023
1.7611,1.7611,1.7611,1.760397358,2.385400746,-0.744472362,-1.207120466
1.7611,1.7611,1.7611,1.760397358,3.196052755,-0.91642008,-0.957688161
1.7611,1.7611,1.7611,1.760397358,1.066805691,-0.844208506,-1.150959722
1.7611,1.7611,1.7611,1.760397358,1.378605871,-0.645790714,-1.159865795
1.7611,1.7611,1.7611,1.760397358,10.31088558,-1.127776487,-1.093421523
1.7611,1.7611,1.7611,1.760397358,0.864710423,-1.126653694,-1.206592416
1.7611,1.7611,1.7611,1.760397358,36.87435286,-1.130277558,-1.182443871
1.7611,1.7611,1.7611,1.760397358,7.864869701,-1.077783007,-1.209038789
1.7611,1.7611,1.7611,1.760397358,1.665126285,-0.795123868,-1.003679263
1.7611,1.7611,1.7611,1.760397358,1.346268802,-0.954850676,-0.736874932
1.7611,1.7611,1.7611,1.760397358,41.50990856,-1.12031537,-0.947841062
1.7611,1.7611,1.7611,1.760397358,10.77122625,-0.738237378,-0.867656505
1.7611,1.7611,1.7611,1.760397358,4.162028365,-0.837580726,-1.202204233
1.7611,1.7611,1.7611,1.760397358,5.387377478,-1.041646359,-1.059091865
1.7611,1.7611,1.7611,1.760397358,34.45330225,-0.281119917,-1.11810436
1.7611,1.7611,1.7611,1.760397358,2.001377287,0.083958867,-1.004252189
1.7611,1.7611,1.7611,1.760397358,1.67044219,-1.034399823,-0.951334094
1.7611,1.7611,1.7611,1.760397358,1.611271535,-1.111459657,-1.107449881
1.7611,1.7611,1.7611,1.760397358,2.166382638,1.760931691,-1.153136644
1.7611,1.7611,1.7611,1.760397358,1.970607739,-1.08545868,0.116891848
1.7611,1.7611,1.7611,1.760397358,1.058104204,-1.072479986,-1.175524944
1.7611,1.7611,1.7611,1.760397358,1.425671395,-1.116213882,-0.929877523
1.7611,1.7611,1.7611,1.760397358,3.612456139,-1.011517037,-1.019056762
1.7611,1.7611,1.7611,1.760397358,7.579588978,1.459550303,-1.013188477
1.7611,1.7611,1.7611,1.760397358,3.322528198,-0.97884011,-1.057032871
1.7611,1.7611,1.7611,1.760397358,1.968813796,-0.909140128,-1.09067931
1.7611,1.7611,1.7611,1.760397358,1.25438383,-0.529440581,-1.09489597
1.7611,1.7611,1.7611,1.760397358,1.367589889,-1.071134532,-1.094555215
1.7611,1.7611,1.7611,1.760397358,1.691568189,-1.163238088,-1.17325151
1.7611,1.7611,1.7611,1.760397358,4.024056835,-0.617881018,-1.012303076
1.7611,1.7611,1.7611,1.760397358,1.406237775,-0.74783691,-1.114471241
1.7611,1.7611,1.7611,1.760397358,1.601502664,0.577323929,-1.145129738
1.7611,1.7611,1.7611,1.760397358,1.955681109,-1.094352953,-0.299106093
1.7611,1.7611,1.7611,1.760397358,4.575936014,-0.972954266,-1.044684766
1.7611,1.7611,1.7611,1.760397358,12.15110041,-1.118254566,-1.195973002
1.7611,1.7611,1.7611,1.760397358,1.715422765,-0.799097723,-1.051172529
1.7611,1.7611,1.7611,1.760397358,1.815217892,-1.08509097,-1.122623994
1.7611,1.7611,1.7611,1.760397358,2.774177925,-0.904080896,-1.023051853
1.7611,1.7611,1.7611,1.760397358,1.248672137,-0.889309745,-1.147494151
1.7611,1.7611,1.7611,1.760397358,2.793806951,-1.004287239,-1.062804742
1.7611,1.7611,1.7611,1.760397358,5.960905398,-0.941818592,-0.996357527
1.7611,1.7611,1.7611,1.760397358,1.173223851,-1.148358783,-1.15826453
1.7611,1.7611,1.7611,1.760397358,1.688273598,-0.368259532,-1.018619105
1.7611,1.7611,1.7611,1.760397358,1.095450734,-0.132801751,-1.039390293
1.7611,1.7611,1.7611,1.760397358,2.312030537,-0.86343045,-1.085898132
1.7611,1.7611,1.7611,1.760397358,7.625192373,-0.692093716,-1.098244162
1.7611,1.7611,1.7611,1.760397358,1.306808483,-1.169361225,-1.03230544
1.7611,1.7611,1.7611,1.760397358,1.199261092,-0.337008212,-1.104152275
1.7611,1.7611,1.7611,1.760397358,5.332305019,-1.127201572,-1.132415407
1.7611,1.7611,1.7611,1.760397358,32.65356348,-1.017310718,-0.885019348
1.7611,1.7611,1.7611,1.760397358,6.909502017,-1.092895339,-1.192890776
1.7611,1.7611,1.7611,1.760397358,1.686385069,-0.956338359,-1.199310109
1.7611,1.7611,1.7611,1.760397358,1.716279959,-0.722355369,-0.939267879
1.7611,1.7611,1.7611,1.760397358,3.558860758,-0.618408554,-0.393060982
1.7611,1.7611,1.7611,1.760397358,10.9299841,-1.158792555,-0.845792876
1.7611,1.7611,1.7611,1.760397358,14.00492818,-0.759318553,-1.025086254
1.7611,1.7611,1.7611,1.760397358,0.982957747,0.01687007,0.940867211
1.7611,1.7611,0.980216851,1.760397358,15.68006116,1.669250921,-1.179319005
1.7611,1.7611,1.7611,1.760397358,4.284460339,-0.853566832,-1.168390006
1.7611,1.7611,1.7611,1.760397358,2.245512145,-1.14267306,-0.185741214
1.7611,1.7611,1.7611,1.760397358,3.386576138,-1.045057083,-0.979900293
1.7611,1.7611,1.7611,1.760397358,1.102210181,-0.518637529,-1.161406996
1.7611,1.7611,1.7611,1.760397358,1.480012316,-1.176461646,-1.204682452
1.7611,1.7611,1.7611,1.760397358,2.10059313,-0.596689318,-1.13951048
1.7611,1.7611,1.7611,1.760397358,1.59627729,-1.002237044,-1.150777568
1.7611,1.7611,1.7611,1.760397358,1.48448374,-0.665099588,-1.06641744
1.7611,1.7611,1.7611,1.760397358,5.120213999,-0.627820665,-1.169196407
1.7611,1.7611,1.7611,1.760397358,2.953658323,0.794276086,-1.158683776
1.7611,1.7611,1.7611,1.760397358,4.419763957,-1.063088916,-1.209728413
1.7611,1.7611,1.7611,1.760397358,1.252532618,1.732972594,-1.183247893
1.7611,1.7611,1.7611,1.760397358,1.637046114,-1.114301212,-0.534132802
1.7611,1.7611,1.7611,1.760397358,1.343750238,-0.603356993,-1.178188663
1.7611,1.7611,1.7611,1.760397358,1.595207252,-0.949422002,-1.182167128
1.7611,1.7611,1.7611,1.760397358,3.991390483,-0.897067834,-1.112814612
1.7611,1.7611,1.7611,1.760397358,1.196370134,0.14236373,-0.011564826
1.7611,1.7611,1.7611,1.760397358,1.348960475,1.176725836,-1.111326148
1.7611,1.7611,1.7611,1.760397358,17.45008406,-0.675546189,-1.085286469
1.7611,1.7611,1.7611,1.760397358,1.626504283,-0.602896478,0.288210108
1.7611,1.7611,1.7611,1.760397358,1.568304304,-1.029857591,-1.04946693
1.7611,1.7611,1.7611,1.760397358,3.483043517,-0.854053838,-0.941066632
1.7611,1.7611,1.7611,1.760397358,8.386481859,-0.372647925,-1.110758526
1.7611,1.7611,1.7611,1.760397358,2.705843147,-0.766954637,-1.134743131
1.7611,1.7611,1.7611,1.760397358,2.385313823,-0.404354778,-1.176969539
1.7611,1.7611,1.7611,1.760397358,1.050600416,-0.989326396,-1.150681174
1.7611,1.7611,0.84949803,1.760397358,2.27004371,-1.048242483,-1.177713866
1.7611,1.7611,1.7611,1.760397358,1.628586894,-0.877056349,-1.170380978
1.7611,1.7611,1.7611,1.760397358,4.915405008,-1.016190555,-1.031038709
1.7611,1.7611,1.7611,1.760397358,1.005626325,1.285882026,-1.175699633
1.7611,1.7611,1.7611,1.760397358,1.699511886,-0.840805404,-1.15247604
1.7611,1.7611,1.7611,1.760397358,1.314956476,-0.97097934,-1.056133052
1.7611,1.7611,1.7611,1.760397358,2.222182028,-0.706415857,-1.14782632
1.7611,1.7611,1.7611,1.760397358,13.40571765,-0.771788359,-1.184340051
1.7611,1.7611,1.7611,1.760397358,3.776253209,-0.842760224,-0.667465363
1.7611,1.7611,1.7611,1.760397358,2.943707926,-0.852205562,-0.567615217
1.7611,1.7611,1.7611,1.760397358,3.649558653,-0.560898337,-1.122612459
1.7611,1.7611,1.7611,1.760397358,1.08696245,-0.776369054,-1.129862435
1.7611,1.7611,1.7611,1.760397358,1.715073851,-1.08229506,-1.109188206
1.7611,1.7611,1.7611,1.760397358,2.964074426,-0.847791736,-1.191657326
1.7611,1.7611,1.7611,1.760397358,2.125929008,-0.153984181,-1.138340236
1.7611,1.7611,1.7611,1.760397358,2.50490431,-0.829487299,-1.164931786
1.7611,1.7611,1.7611,1.760397358,1.68409563,-0.841383614,-0.970007878
1.7611,1.7611,1.7611,1.760397358,1.449498557,-1.129117841,-1.066212881
1.7611,1.7611,1.7611,1.760397358,6.286096063,-0.965549677,-1.180790672
1.7611,1.7611,1.7611,1.760397358,1.295575783,-0.706578213,-0.600774566
1.7611,1.7611,1.7611,1.760397358,42.99423029,-0.905544537,-1.152117707
1.7611,1.7611,1.7611,1.760397358,1.728402509,-1.078576467,-1.208970538
1.7611,1.7611,1.7611,1.760397358,0.802191367,1.721286459,-1.001080632
1.7611,1.7611,1.7611,1.760397358,2.573346585,-1.121004975,-1.202833946
1.7611,1.7611,1.674802408,1.760397358,12.08137682,-0.861733252,-0.640344078
1.7611,1.7611,1.7611,1.760397358,2.372484083,-1.08237712,-1.161880975
1.7611,1.7611,1.425553268,1.760397358,1.75034237,-0.909368125,-0.96538248
1.7611,1.7611,1.7611,1.760397358,1.74161733,-0.505784843,-1.106870061
1.7611,1.7611,1.7611,1.760397358,1.747542867,-0.645489379,-1.187334463
1.7611,1.7611,1.7611,1.760397358,1.461403924,-0.885270235,-1.068436948
1.7611,1.7611,1.7611,1.760397358,1.671443192,-0.350165969,-0.982492582
1.7611,1.7611,1.7611,1.760397358,49.1531819,-1.113071823,1.012725788
1.7611,1.7611,1.7611,1.760397358,1.8614971,0.037330014,-1.18538869
1.7611,1.7611,1.7611,1.760397358,3.562893939,-0.785855623,-1.03936744
1.7611,1.7611,1.7611,1.760397358,1.720598337,-1.010032984,-0.978346914
1.7611,1.7611,1.7611,1.760397358,1.402928371,1.740574815,-0.68903458
1.7611,1.7611,1.7611,1.760397358,13.83339979,-1.142006671,-1.140574895
1.7611,1.7611,1.7611,1.760397358,0.809196272,0.671838512,-0.971948466
1.7611,1.7611,1.7611,1.760397358,2.659351546,-0.822580161,-1.199120681
1.7611,1.7611,1.7611,1.760397358,21.14573248,-0.024384759,-1.1776217
1.7611,1.7611,1.7611,1.760397358,1.511734759,-1.144795692,-1.011096747
1.7611,1.7611,1.7611,1.760397358,2.153813004,-1.008360731,0.616317992
1.7611,1.7611,1.7611,1.760397358,5.4092897,-0.740690631,-1.177637612
1.7611,1.7611,1.7611,1.760397358,20.4526835,-0.20527323,-1.133740886
1.7611,1.7611,1.7611,1.760397358,1.381682111,-0.522393166,-0.992303259
1.7611,1.7611,1.7611,1.760397358,23.54538289,-0.909084139,-0.65649452
1.7611,1.7611,1.7611,1.760397358,1.693381665,-0.783211095,-0.745198302
1.7611,1.7611,1.7611,1.760397358,5.771146348,-1.08288049,-0.76026557
1.7611,1.7611,1.7611,1.760397358,6.052316792,-1.093065179,-0.898279959
1.7611,1.7611,1.7611,1.760397358,3.556401879,-0.73777304,-1.198713355
1.7611,1.7611,1.7611,1.760397358,1.733678619,-0.445133659,-1.173189834
1.7611,1.7611,1.7611,1.760397358,1.560969326,-1.099236106,-1.185697804
1.7611,1.7611,1.7611,1.760397358,4.297164809,-0.89856025,-1.124167667
1.7611,1.7611,1.7611,1.760397358,1.556351927,-1.034567387,-0.860505298
1.7611,1.7611,1.7611,1.760397358,7.301701416,-1.018244744,-0.685970895
1.7611,1.7611,1.7611,1.760397358,1.714334028,-0.714315796,-1.093928454
1.7611,1.7611,1.7611,1.760397358,1.585549307,-1.1216197,-0.512399146
1.7611,1.7611,1.7611,1.760397358,1.46723282,-1.169232408,-0.988823003
1.7611,1.7611,1.7611,1.760397358,1.615252009,-0.850576918,-1.181521563
1.7611,1.7611,1.7611,1.760397358,7.128570501,-0.140174077,-1.195587281
1.7611,1.7611,1.7611,1.760397358,2.128699687,0.758113263,-0.672570681
1.7611,1.7611,1.7611,1.760397358,1.344815249,-1.177621085,-1.095648287
1.7611,1.7611,1.7611,1.760397358,7.110981665,-0.950276185,-0.976596533
1.7611,1.7611,1.7611,1.760397358,2.241407933,-0.640726111,-1.178360335
1.7611,1.7611,1.7611,1.760397358,10.29767195,-0.932250761,0.719048549
1.7611,1.7611,1.7611,1.760397358,4.222315207,-1.02458448,-1.027091091
1.7611,1.7611,1.7611,1.760397358,4.61664363,-0.563227266,-1.028738018
1.7611,1.7611,1.7611,1.760397358,1.575120479,-0.923218956,-0.889823046
1.7611,1.7611,1.7611,1.760397358,1.732558722,0.360693846,-1.185420059
1.7611,1.7611,1.7611,1.760397358,12.47806826,-0.893178881,-0.988607056
1.7611,1.7611,1.7611,1.760397358,5.957656992,0.006229905,-1.194689575
1.7611,1.7611,1.7611,1.760397358,8.294585615,-1.172967153,-0.929681562
1.7611,1.7611,1.7611,1.760397358,0.66059532,-1.102499131,-0.440068518
1.7611,1.7611,1.7611,1.760397358,17.65097318,0.453134703,-0.995968994
1.7611,1.7611,1.7611,1.760397358,2.797725929,-0.018681602,-1.035932211
1.7611,1.7611,1.7611,1.760397358,23.83081154,-0.898178836,0.333343693
1.7611,1.7611,1.7611,1.760397358,1.721045041,-1.169312434,-1.197039997
1.7611,1.7611,1.7611,1.760397358,1.418251517,-0.825914196,-1.149220085
1.7611,1.7611,1.7611,1.760397358,23.36270513,-1.127836805,-1.047818054
1.7611,1.7611,1.7611,1.760397358,6.626524051,-0.951558954,-1.198802772
1.7611,1.7611,1.7611,1.760397358,5.050512669,-1.067473992,-0.970915256
1.7611,1.7611,1.7611,1.760397358,2.06123258,-1.051612793,-1.134659394
1.7611,1.7611,1.7611,1.760397358,13.81586657,0.103670994,-1.051070335
1.7611,1.7611,1.7611,1.760397358,18.23406861,-0.990727891,-1.156620775
1.7611,1.7611,1.7611,1.760397358,3.301307927,-1.035284919,-1.127680775
1.7611,1.7611,1.7611,1.760397358,0.649508879,-1.046938735,-1.063089018
1.7611,1.7611,1.7611,1.760397358,11.76716605,-0.844821977,-0.979561889
1.7611,1.7611,1.7611,1.760397358,7.788660674,0.215872287,-1.158921659
1.7611,1.7611,1.7611,1.760397358,1.650954454,-0.933971819,-1.151310797
1.7611,1.7611,1.7611,1.760397358,2.497172682,-0.424492148,-1.011013158
1.7611,1.7611,1.7611,1.760397358,3.499702431,-0.150458516,-1.095673997
1.7611,1.7611,1.7611,1.760397358,1.646285089,1.150806767,-1.18257151
1.7611,1.7611,1.7611,1.760397358,1.562072809,-1.150640456,-1.004854952
1.7611,1.7611,1.7611,1.760397358,1.737955424,-1.017003491,-1.100405534
1.7611,1.7611,1.7611,1.760397358,2.209780356,-0.896845891,-0.761213535
1.7611,1.7611,1.7611,1.760397358,1.294278563,-1.113151157,-1.192498891
1.7611,1.7611,1.7611,1.760397358,1.736392135,-0.74276742,-1.172263516
1.7611,1.7611,1.7611,1.760397358,3.292492294,1.389691411,-1.171555529
1.7611,1.7611,1.7611,1.760397358,5.677280112,-0.563581779,-0.540825942
1.7611,1.7611,1.7611,1.760397358,4.930855154,1.743010288,-1.09042628
1.7611,1.7611,1.7611,1.760397358,1.560144629,-1.087909248,-1.066659181
1.7611,1.7611,1.7611,1.760397358,1.600161751,-1.016723418,-0.083328195
1.7611,1.7611,1.7611,1.760397358,1.878728173,-1.054173121,-1.181355823
1.7611,1.7611,1.7611,1.760397358,1.352739361,-0.903764444,-1.09333207
1.7611,1.7611,1.7611,1.760397358,7.051964514,-0.533516315,-1.202197861
1.7611,1.7611,1.7611,1.760397358,2.434258084,-0.998512998,-1.175051076
1.7611,1.7611,1.7611,1.760397358,14.5772702,1.225163905,-0.63680978
1.7611,1.7611,1.7611,1.760397358,2.107014046,1.581027983,-1.014397172
1.7611,1.7611,1.7611,1.760397358,4.521334332,-1.128986678,-1.070178224
1.7611,1.7611,1.7611,1.760397358,9.063637206,0.507003123,-1.095855073
1.7611,1.7611,1.7611,1.760397358,10.74359446,-0.662870687,-0.887305815
1.7611,1.7611,1.7611,1.760397358,1.681418597,-0.833894708,-1.136311857
1.7611,1.7611,1.7611,1.760397358,2.288184465,-1.022828891,-0.868753637
1.7611,1.7611,1.66367703,1.760397358,1.481919981,-1.022389732,-0.930436717
1.7611,1.7611,1.7611,1.760397358,1.919901932,-1.077650651,-1.097163387
1.7611,1.7611,1.7611,1.760397358,3.045873362,-0.969586242,-1.170566494
1.7611,1.7611,1.7611,1.760397358,1.45797106,-0.959801719,-1.184931294
1.7611,1.7611,1.7611,1.760397358,18.17422673,-0.756884532,-1.07504228
1.7611,1.7611,1.7611,1.760397358,26.63214182,-1.0645585,-1.030083349
1.7611,1.7611,1.7611,1.760397358,1.594583708,-0.715072581,-1.172636624
1.7611,1.7611,1.7611,1.760397358,1.732049568,1.725744859,-0.863057314
1.7611,1.7611,1.7611,1.760397358,6.715807274,-1.043571126,-1.014816347
1.7611,1.7611,1.7611,1.760397358,2.019292584,-1.013391682,-1.191819055
1.7611,1.7611,1.7611,1.760397358,1.6235179,-0.707897012,-1.173461754
1.7611,1.7611,1.7611,1.760397358,1.730008853,-0.677917368,-1.196312368
1.7611,1.7611,1.7611,1.760397358,1.135060936,-0.809594867,-0.845125971
1.7611,1.7611,1.7611,1.760397358,4.1706777,-0.32453562,-1.047671128
1.7611,1.7611,1.7611,1.760397358,1.786193645,-0.543951074,-0.807143708
1.7611,1.7611,1.7611,1.760397358,4.611262098,-1.058491033,-1.052675251
1.7611,1.7611,1.7611,1.760397358,1.41722018,-1.128928661,-0.64110792
1.7611,1.7611,1.7611,1.760397358,7.179608537,-0.754393534,-1.083728285
1.7611,1.7611,1.7611,1.760397358,1.472934492,-0.417942093,-1.022466104
1.7611,1.7611,1.7611,1.760397358,1.284361816,-0.722020245,-1.044994724
1.7611,1.7611,1.7611,1.760397358,1.343483089,-0.971022734,-0.968993914
1.7611,1.7611,1.7611,1.760397358,21.56920104,-0.97147831,-0.554166337
1.7611,1.7611,1.7611,1.760397358,2.313759332,-0.774813337,-0.878557824
1.7611,1.7611,1.7611,1.760397358,1.72208719,-0.968854062,-1.136320323
1.7611,1.7611,1.7611,1.760397358,2.18198769,-1.04489303,-1.042844766
1.7611,1.7611,1.7611,1.760397358,4.797364553,-0.579740082,-1.037753807
1.7611,1.7611,1.7611,1.760397358,3.681566214,0.446506722,-1.160270272
1.7611,1.7611,1.7611,1.760397358,3.251917492,-0.444936799,-1.018348308
1.7611,1.7611,1.7611,1.760397358,14.8041632,-0.981215875,-0.948874009
1.7611,1.7611,1.7611,1.760397358,1.975733998,-1.20486287,-0.948923859
1.7611,1.7611,1.7611,1.760397358,1.504390102,-0.679863601,-1.152567806
1.7611,1.7611,1.7611,1.760397358,5.242589461,-0.719808784,-1.195131222
1.7611,1.7611,1.7611,1.760397358,1.689957511,-1.045985371,0.492134509
1.7611,1.7611,1.7611,1.760397358,5.10130323,-1.037576601,-0.894494243
1.7611,1.7611,1.7611,1.760397358,0.791189205,0.589818693,-0.516120813
1.7611,1.7611,1.7611,1.760397358,27.50322752,-0.884324711,-1.198740568
1.7611,1.7611,1.7611,1.760397358,2.553369169,-0.94101073,-0.464452089
1.7611,1.7611,1.7611,1.760397358,2.986291028,-0.036800071,-0.99500523
1.7611,1.7611,1.7611,1.760397358,20.5908895,-0.522367776,-0.570798751
1.7611,1.7611,1.7611,1.760397358,2.214316801,-1.133251256,-0.520617875
1.7611,1.7611,1.7611,1.760397358,17.84391044,-0.802219384,-0.937312333
1.7611,1.7611,1.7611,1.760397358,1.696453167,-0.988511553,-1.120647926
1.7611,1.7611,1.7611,1.760397358,1.636029898,-0.39454648,0.40601998
1.7611,1.7611,1.7611,1.760397358,1.584875668,-1.063632998,-0.571623531
1.7611,1.7611,1.7611,1.760397358,5.404523195,-1.145655465,-1.189470899
1.7611,1.7611,1.7611,1.760397358,2.704553588,-0.791405027,-0.92539992
1.7611,1.7611,1.7611,1.760397358,1.729493673,1.295990893,-0.811932953
1.7611,1.7611,1.7611,1.760397358,1.658617115,-1.016515369,-0.838063174
1.7611,1.7611,1.7611,1.760397358,1.863386128,-1.022836752,-1.102145537
1.7611,1.7611,1.7611,1.760397358,2.887459784,-0.781515874,-1.092960846
1.7611,1.7611,1.7611,1.760397358,1.679823161,-0.770090183,-0.77846444
1.7611,1.7611,1.7611,1.760397358,1.752635238,-1.086078382,-0.985170042
1.7611,1.7611,1.7611,1.760397358,5.194018598,-1.106233738,-1.171660281
1.7611,1.7611,1.7611,1.760397358,12.45613011,-0.149394782,-1.173040161
1.7611,1.7611,1.7611,1.760397358,7.163939383,1.501559074,-0.682249853
1.7611,1.7611,1.7611,1.760397358,1.452138748,-1.190250926,-0.659239578
1.7611,1.7611,1.7611,1.760397358,6.656566975,-0.830913582,-0.957487689
1.7611,1.7611,1.7611,1.760397358,0.628372149,-0.777971964,-1.062799038
1.7611,1.7611,1.7611,1.760397358,1.621234867,-1.108282704,0.299190752
1.7611,1.7611,1.7611,1.760397358,1.715502217,-1.109572133,-1.190845946
1.7611,1.7611,1.7611,1.760397358,8.187049102,-0.605688699,-1.030355038
1.7611,1.7611,1.7611,1.760397358,4.700155861,-1.116715666,-1.066799807
1.7611,1.7611,1.7611,1.760397358,5.91614628,-1.132085484,-1.120188687
1.7611,1.7611,1.7611,1.760397358,3.663135428,-0.457122335,-1.133917533
1.7611,1.7611,1.7611,1.760397358,1.291228802,-0.993655618,-1.00268891
1.7611,1.7611,1.7611,1.760397358,1.471950837,-1.050113705,-1.104545182
1.7611,1.7611,1.7611,1.760397358,1.517190591,-0.82595269,-0.96858315
1.7611,1.7611,1.7611,1.760397358,1.833443567,-0.760899175,-1.141656603
1.7611,1.7611,1.7611,1.760397358,1.602474807,0.95703081,-0.76936938
1.7611,1.7611,1.7611,1.760397358,51.22519393,0.071394179,-1.164476524
1.7611,1.7611,1.7611,1.760397358,2.085105544,1.738166577,-0.007149308
1.7611,1.7611,1.7611,1.760397358,3.547256102,0.143791951,-0.831703165
1.7611,1.7611,1.7611,1.760397358,5.846272299,-1.032177901,-1.18823884
1.7611,1.7611,1.7611,1.760397358,4.038605748,-0.936148391,-0.736089494
1.7611,1.7611,1.7611,1.760397358,3.042739976,-0.419174933,-1.17703321
1.7611,1.7611,1.7611,1.760397358,8.689768566,0.348065512,-0.669512451
1.7611,1.7611,1.7611,1.760397358,7.44820411,-0.779428285,-0.972570889
1.7611,1.7611,1.7611,1.760397358,1.435453926,-1.119389755,-1.07732346
1.7611,1.7611,1.7611,1.760397358,1.253674892,-0.727896004,-1.098294277
1.7611,1.7611,1.7611,1.760397358,1.560949536,-0.172814153,-1.17493194
1.7611,1.7611,1.7611,1.760397358,8.524838873,-1.031666151,-1.0172113
1.7611,1.7611,1.7611,1.760397358,1.734987223,-0.117669421,-0.679847653
1.7611,1.7611,1.7611,1.760397358,4.194052626,-0.988442351,-0.64918763
1.7611,1.7611,1.7611,1.760397358,1.3640013,-1.03191113,-0.458778501
1.7611,1.7611,1.7611,1.760397358,1.685470559,-1.137919844,-0.911566643
1.7611,1.7611,1.7611,1.760397358,5.92109144,-0.943842407,-1.101834906
1.7611,1.7611,1.7611,1.760397358,3.243585016,-0.681899204,-1.199942028
1.7611,1.7611,1.7611,1.760397358,7.511806168,-1.094443068,-1.006687064
1.7611,1.7611,1.7611,1.760397358,2.696731089,-1.084814782,-1.12425938
1.7611,1.7611,1.7611,1.760397358,8.152051608,-1.018150884,-1.087606832
1.7611,1.7611,1.7611,1.760397358,1.326078106,0.066345003,-1.161840334
1.7611,1.7611,1.7611,1.760397358,1.336488207,-0.49709417,-1.192402101
1.7611,1.7611,1.7611,1.760397358,2.166154835,1.715582845,-0.725123162
1.7611,1.7611,1.7611,1.760397358,1.657195402,1.64910735,-1.197677633
1.7611,1.7611,1.7611,1.760397358,1.556469012,-0.228461079,-1.020141222
1.7611,1.7611,1.7611,1.760397358,3.033799182,-0.044431725,-1.169125701
1.7611,1.7611,1.7611,1.760397358,2.534059096,1.216001637,-0.847548856
1.7611,1.7611,1.7611,1.760397358,1.319440552,-1.067748176,-1.134098831
1.7611,1.7611,1.7611,1.760397358,1.587338614,-1.158859718,-1.195765321
1.7611,1.7611,1.7611,1.760397358,1.224913509,-0.896273616,-1.191725468
1.7611,1.7611,1.7611,1.760397358,4.345191965,-0.624859421,-1.132924576
1.7611,1.7611,1.7611,1.760397358,1.603793895,1.758158541,-1.015167399
1.7611,1.7611,1.7611,1.760397358,2.662262716,-0.172101007,-1.069743884
1.7611,1.7611,1.7611,1.760397358,3.093404746,-0.886561364,-1.186520357
1.7611,1.7611,1.7611,1.760397358,62.18769913,0.54810796,-1.073383282
1.7611,1.7611,1.7611,1.760397358,1.266426998,-1.097874661,-0.956449405
1.7611,1.7611,1.7611,1.760397358,1.671582022,-0.360736473,-1.139641631
1.7611,1.7611,1.7611,1.760397358,1.432023023,-0.922129797,-0.735470823
1.7611,1.7611,1.7611,1.760397358,6.926704451,-0.747349769,-1.101529568
1.7611,1.7611,1.7611,1.760397358,1.162924012,-0.872528353,-1.214568992
1.7611,1.7611,1.7611,1.760397358,4.346474138,-1.150232851,-1.067231322
1.7611,1.7611,1.7611,1.760397358,1.226010156,-0.901274803,-1.092303822
1.7611,1.7611,1.7611,1.760397358,0.870080949,-0.989873536,-1.127525036
1.7611,1.7611,1.7611,1.760397358,2.056505484,-0.958361519,-0.896530084
1.7611,1.7611,1.7611,1.760397358,1.385174498,-1.045725072,-0.076413469
1.7611,1.7611,1.7611,1.760397358,1.352583513,-0.910500199,-0.939179325
1.7611,1.7611,1.7611,1.760397358,6.680901535,-1.157900232,-1.167154913
1.7611,1.7611,1.7611,1.760397358,1.212120408,-0.973541929,-0.914258903
1.7611,1.7611,1.7611,1.760397358,1.904916561,-1.162084115,-1.099453378
1.7611,1.7611,1.7611,1.760397358,9.639140104,-1.040159968,-1.017327323
1.7611,1.7611,1.7611,1.760397358,1.879591389,-0.983419965,-1.146786278
1.7611,1.7611,1.7611,1.760397358,1.369898672,-0.902005653,-0.899117521
1.7611,1.7611,1.7611,1.760397358,2.39623183,-1.09136002,0.818712119
1.7611,1.7611,1.7611,1.760397358,4.542900339,-1.106076182,-0.514161421
1.7611,1.7611,1.7611,1.760397358,1.732359682,-0.887022335,-1.196181729
1.7611,1.7611,1.7611,1.760397358,10.74610103,-0.872687818,-1.101589428
1.7611,1.7611,1.7611,1.760397358,1.793840515,-0.871115866,-0.907876131
1.7611,1.7611,1.565279827,1.760397358,9.047652098,0.140334643,-1.204429979
1.7611,1.7611,1.7611,1.760397358,1.580782765,-1.117838794,-0.815705223
1.7611,1.7611,1.7611,1.760397358,2.389242322,-0.938701446,-1.072157239
1.7611,1.7611,1.7611,1.760397358,9.615557025,0.513853616,-1.175038141
1.7611,1.7611,1.7611,1.760397358,1.740654176,-0.907158315,-0.337856153
1.7611,1.7611,1.7611,1.760397358,5.338591177,-1.079143635,-1.180413959
1.7611,1.7611,1.7611,1.760397358,4.675512424,-1.059940571,-1.140881047
1.7611,1.7611,1.7611,1.760397358,1.340154907,-0.27510157,-1.163792709
1.7611,1.7611,1.7611,1.760397358,1.731029036,-0.586498255,-1.151868766
1.7611,1.7611,1.7611,1.760397358,1.401958248,0.312625744,-0.924972809
1.7611,1.7611,1.7611,1.760397358,3.390791709,-0.698093177,-0.831268663
1.7611,1.7611,1.7611,1.760397358,3.241460076,0.63873227,-0.507127379
1.7611,1.7611,1.7611,1.760397358,2.919670174,-1.045762387,-0.901124051
1.7611,1.7611,1.7611,1.760397358,1.259202957,-0.914049384,-0.95003552
1.7611,1.7611,1.7611,1.760397358,0.957523644,-0.693164093,-1.162122483
1.7611,1.7611,1.7611,1.760397358,1.538095654,-0.932504078,-1.207261319
1.7611,1.7611,1.7611,1.760397358,1.2415044,-0.158810272,-1.096824803
1.7611,1.7611,1.7611,1.760397358,1.166462827,-0.695052115,-1.154178903
1.7611,1.7611,1.7611,1.760397358,1.586101737,-0.44449979,-1.065701254
1.7611,1.7611,1.7611,1.760397358,1.48064557,-1.137672457,-1.095641312
1.7611,1.7611,1.7611,1.760397358,6.810089682,-1.180078372,-1.193921794
1.7611,1.7611,1.7611,1.760397358,1.156515924,-0.195811563,-1.021340599
1.7611,1.7611,1.7611,1.760397358,83.53993182,-1.069923014,-1.090139379
1.7611,1.7611,1.7611,1.760397358,1.442326807,-1.148968163,-1.069193691
1.7611,1.7611,1.7611,1.760397358,5.015218456,-0.665507633,-0.889432642
1.7611,1.7611,1.7611,1.760397358,1.232896615,-0.483645019,-1.203783623
1.7611,1.7611,1.7611,1.760397358,1.973878876,-1.165467953,-1.170763657
1.7611,1.7611,1.7611,1.760397358,1.622744007,1.692136262,-1.190484272
1.7611,1.7611,1.7611,1.760397358,6.855056162,-1.003799465,-0.732722354
1.7611,1.7611,1.7611,1.760397358,1.4755506,0.598134313,-0.951625345
1.7611,1.7611,1.7611,1.760397358,4.544568976,-0.635976236,-1.117982552
1.7611,1.7611,1.7611,1.760397358,5.06771894,-1.102313608,-1.161092081
1.7611,1.7611,1.7611,1.760397358,13.655373,-0.975155745,-1.122956841
1.7611,1.7611,1.7611,1.760397358,4.187000693,-0.663507566,-1.102359472
1.7611,1.7611,1.7611,1.760397358,4.881581285,-0.906020981,-1.16322057
1.7611,1.7611,1.7611,1.760397358,1.494269298,1.751831719,-1.010940407
1.7611,1.7611,1.7611,1.760397358,1.125901291,-0.943428172,-1.03754771
1.7611,1.7611,1.7611,1.760397358,5.949003488,-0.785581029,-0.959386637
1.7611,1.7611,1.7611,1.760397358,1.615986639,-0.559283673,-0.895236335
1.7611,1.7611,1.7611,1.760397358,11.84723979,-0.84751227,-0.948008702
1.7611,1.7611,1.7611,1.760397358,17.73223408,-0.568225714,-0.825267551
1.7611,1.7611,1.7611,1.760397358,2.798525264,-1.161377543,-0.643280692
1.7611,1.7611,1.7611,1.760397358,16.85025237,-0.83814167,-1.160575209
1.7611,1.7611,1.7611,1.760397358,6.250635122,0.320018722,-0.289216529
1.7611,1.7611,1.7611,1.760397358,1.44348226,1.76015588,-0.807695205
1.7611,1.7611,1.7611,1.760397358,1.072136228,1.255267559,-1.130299658
1.7611,1.7611,1.7611,1.760397358,2.382528412,-0.963234086,-1.130500988
1.7611,1.7611,1.7611,1.760397358,1.399800734,-0.100934585,0.3617385
1.7611,1.7611,1.7611,1.760397358,1.227812958,-1.109383655,-1.206290398
1.7611,1.7611,1.7611,1.760397358,1.163557334,-1.02900269,-1.10761118
1.7611,1.7611,1.7611,1.760397358,35.555586,-0.873006988,-1.174736997
1.7611,1.7611,1.7611,1.760397358,1.477642508,-0.958682552,-1.133345324
1.7611,1.7611,1.7611,1.760397358,1.42878712,-1.15200238,-0.943885202
1.7611,1.7611,1.7611,1.760397358,3.087449002,-0.721446747,-1.168324803
1.7611,1.7611,1.7611,1.760397358,1.424673164,0.221571267,-1.03655199
1.7611,1.7611,1.7611,1.760397358,1.428844839,-0.317759365,-1.151048076
1.7611,1.7611,1.7611,1.760397358,1.730035155,0.715993915,-0.535190352
1.7611,1.7611,1.7611,1.760397358,1.350223709,-1.092479197,-1.008376079
1.7611,1.7611,1.7611,1.760397358,4.777747729,-0.988122932,-1.115132053
1.7611,1.7611,1.7611,1.760397358,1.39851552,-0.388081167,-1.074632276
1.7611,1.7611,1.7611,1.760397358,3.627996136,-1.070800664,-1.172721223
1.7611,1.7611,1.7611,1.760397358,2.088939057,-1.090628825,-1.190055699
1.7611,1.7611,1.7611,1.760397358,2.200857748,-1.120442118,-0.919287649
1.7611,1.7611,1.7611,1.760397358,4.381504464,-0.299384527,-1.122256089
1.7611,1.7611,1.7611,1.760397358,10.40748871,-0.656093506,-1.043469768
1.7611,1.7611,1.7611,1.760397358,3.446863818,-0.527215715,-0.657933911
1.7611,1.7611,1.7611,1.760397358,1.507688241,-0.05140227,-1.173948228
1.7611,1.7611,1.7611,1.760397358,3.105168594,-1.095224403,-1.178890238
1.7611,1.7611,1.7611,1.760397358,1.711167534,-1.07976727,-1.177485571
1.7611,1.7611,1.7611,1.760397358,1.181898911,-0.027940332,-1.16033231
1.7611,1.7611,1.7611,1.760397358,2.081207021,-0.981104113,-0.926008559
1.7611,1.7611,0.835752988,1.760397358,1.72310486,0.080277524,-0.791941722
1.7611,1.7611,1.7611,1.760397358,1.759114763,-1.019881786,-1.008346149
1.7611,1.7611,1.7611,1.760397358,1.384277973,-1.034713919,-1.188120092
1.7611,1.7611,1.7611,1.760397358,1.399594791,-1.08261882,-0.06827822
1.7611,1.7611,1.7611,1.760397358,1.523175512,-1.177720744,1.368459694
1.7611,1.7611,1.7611,1.760397358,2.501071255,-0.890895381,-0.93440644
1.7611,1.7611,1.7611,1.760397358,3.680738454,0.44634619,-1.169803318
1.7611,1.7611,1.7611,1.760397358,5.610400749,-1.014749573,-1.056130507
1.7611,1.7611,1.7611,1.760397358,6.842790315,1.144661366,-1.204886712
1.7611,1.7611,1.7611,1.760397358,1.563928355,-0.427290972,-1.176064059
1.7611,1.7611,1.7611,1.760397358,38.10718839,-0.862798365,-1.080912271
1.7611,1.7611,1.7611,1.760397358,2.615726301,-1.068833207,-1.162593907
1.7611,1.7611,1.7611,1.760397358,1.54030758,-1.123791516,-1.126226025
1.7611,1.7611,1.7611,1.760397358,1.36022634,-0.92866801,-1.039784988
1.7611,1.7611,1.7611,1.760397358,2.033076097,-0.580402241,-1.015010284
1.7611,1.7611,1.7611,1.760397358,1.711460422,-0.383893468,-1.141073563
1.7611,1.7611,1.7611,1.760397358,1.562536471,-0.714308593,-0.769466551
1.7611,1.7611,1.7611,1.760397358,1.323062972,0.354316711,-1.119874358
1.7611,1.7611,1.7611,1.760397358,2.915482803,-1.056848038,-0.988290566
1.7611,1.7611,1.7611,1.760397358,3.862702152,-0.933949032,-0.057152094
1.7611,1.7611,1.7611,1.760397358,23.10355009,-0.647600872,-1.161344793
1.7611,1.7611,1.7611,1.760397358,1.615595506,-1.146593864,-1.048046415
1.7611,1.7611,1.7611,1.760397358,8.313507695,-0.992662889,-0.571201883
1.7611,1.7611,1.7611,1.760397358,4.171224833,-1.155252485,-1.160825574
1.7611,1.7611,1.7611,1.760397358,1.69337461,-0.919421978,-1.158561824
1.7611,1.7611,1.7611,1.760397358,1.2516606,-1.134262718,-1.194757955
1.7611,1.7611,1.7611,1.760397358,3.732276363,-0.877490069,-0.877476299
1.7611,1.7611,1.7611,1.760397358,1.54339359,-1.084089849,-0.973308583
1.7611,1.7611,1.7611,1.760397358,2.397175333,1.757515376,-0.720686976
1.7611,1.7611,1.7611,1.760397358,2.830086595,-0.987086077,-1.046051577
1.7611,1.7611,1.7611,1.760397358,2.286326678,-1.035742186,-1.165942831
1.7611,1.7611,1.7611,1.760397358,1.030836853,-0.778865652,-1.111506703
1.7611,1.7611,1.7611,1.760397358,11.86503531,0.267417053,-0.95126497
1.7611,1.7611,1.7611,1.760397358,1.551330298,-0.893289322,-1.052526226
1.7611,1.7611,1.7611,1.760397358,5.194006778,-0.097330032,-1.062110493
1.7611,1.7611,1.7611,1.760397358,0.89422289,-0.733196471,-1.071923719
1.7611,1.7611,1.7611,1.760397358,1.954954096,-0.94341176,-1.138093382
1.7611,1.7611,1.7611,1.760397358,5.615163931,-0.566461694,-1.147497767
1.7611,1.7611,1.7611,1.760397358,57.54535379,-1.032347862,-1.148773438
1.7611,1.7611,1.7611,1.760397358,1.543667189,-1.135629484,-1.165178328
1.7611,1.7611,1.7611,1.760397358,0.790995009,-0.899307155,-1.073855367
1.7611,1.7611,1.7611,1.760397358,3.329958677,-0.899126879,-0.877820659
1.7611,1.7611,1.7611,1.760397358,4.613573116,-1.018134611,-1.018055351
1.7611,1.7611,1.7611,1.760397358,1.099405431,-0.809592087,-1.088217968
1.7611,1.7611,1.7611,1.760397358,2.632049535,-0.391270512,0.738579418
1.7611,1.7611,1.7611,1.760397358,2.267033712,-0.490906894,-1.168319802
1.7611,1.7611,1.7611,1.760397358,19.71313696,-1.109360996,-1.157615927
1.7611,1.7611,1.7611,1.760397358,4.628071061,-1.111452622,0.787117604
1.7611,1.7611,1.7611,1.760397358,1.545336827,-1.164015524,-1.139912929
1.7611,1.7611,1.7611,1.760397358,2.203802411,-0.271580958,-0.55709692
1.7611,1.7611,1.7611,1.760397358,2.114335795,-0.435250588,-1.020864843
1.7611,1.7611,1.7611,1.760397358,1.657862467,-1.073173696,-0.983987685
1.7611,1.7611,1.7611,1.760397358,7.380373468,-0.915139539,-1.111435652
1.7611,1.7611,1.7611,1.760397358,1.158412254,-0.754019791,-1.179220611
1.7611,1.7611,1.7611,1.760397358,1.716129055,-1.140093164,-0.887328818
1.7611,1.7611,1.7611,1.760397358,1.018162493,-0.697592832,0.043098974
1.7611,1.7611,1.7611,1.760397358,4.583823735,-1.141904082,-1.023013351
1.7611,1.7611,1.380846471,1.760397358,14.79312287,-1.034759248,-0.968432626
1.7611,1.7611,1.7611,1.760397358,3.235528693,-1.137794378,-1.136124618
1.7611,1.7611,1.7611,1.760397358,1.447645759,-0.950467623,0.212804589
1.7611,1.7611,1.643612379,1.760397358,3.564779473,-0.48707039,-1.19384643
1.7611,1.7611,1.7611,1.760397358,2.162230148,1.183556644,-0.077358871
1.7611,1.7611,1.7611,1.760397358,1.268027402,-0.943909043,-1.173160903
1.7611,1.7611,1.7611,1.760397358,1.537956908,-0.967791964,-1.165760043
1.7611,1.7611,1.7611,1.760397358,1.248789101,-0.803546028,-0.93708151
1.7611,1.7611,1.7611,1.760397358,48.35911618,-0.044111638,-0.269604601
1.7611,1.7611,1.7611,1.760397358,1.668020913,-0.67715058,-1.001537155
1.7611,1.7611,1.7611,1.760397358,0.807432284,-1.16673033,-1.147978998
1.7611,1.7611,1.7611,1.760397358,1.212517474,-1.082775388,-1.086525458
1.7611,1.7611,1.7611,1.760397358,1.71439346,0.887759052,0.711235919
1.7611,1.7611,1.7611,1.760397358,13.4709285,-0.843432506,-1.128921518
1.7611,1.7611,1.7611,1.760397358,3.358236849,-1.08961515,-1.15831317
1.7611,1.7611,1.7611,1.760397358,1.757620424,-0.867786032,-1.152832504
1.7611,1.7611,1.7611,1.760397358,0.75779131,1.286100388,-1.049448708
1.7611,1.7611,1.7611,1.760397358,4.211647492,-1.147478898,-0.961335757
1.7611,1.7611,1.7611,1.760397358,7.046344418,-0.758141493,-1.148195295
1.7611,1.7611,1.7611,1.760397358,1.417381831,1.716323166,-1.194509096
1.7611,1.7611,1.7611,1.760397358,1.680119751,-0.460813184,-1.190107058
1.7611,1.7611,1.7611,1.760397358,2.336950144,-0.975822851,-1.154930547
1.7611,1.7611,1.7611,1.760397358,1.698621827,-1.139970034,-1.178074986
1.7611,1.7611,1.7611,1.760397358,0.747660056,-0.000234444,0.83545238
1.7611,1.7611,1.7611,1.760397358,1.200985187,1.436558483,-1.148358958
1.7611,1.7611,1.7611,1.760397358,1.613588819,0.99279868,-1.187185171
1.7611,1.7611,1.7611,1.760397358,4.37578536,-0.874159107,-1.10471673
1.7611,1.7611,1.7611,1.760397358,1.698026176,-0.659949252,-0.304593836
1.7611,1.7611,1.7611,1.760397358,2.35480167,-1.060460069,-1.121558731
1.7611,1.7611,1.7611,1.760397358,1.637095808,-1.033388913,-1.077460913
1.7611,1.7611,1.7611,1.760397358,3.092034346,-1.039336908,-1.110064154
1.7611,1.7611,1.7611,1.760397358,1.941284961,-1.020958892,-1.162564628
1.7611,1.7611,1.7611,1.760397358,1.129201225,-0.865943838,-1.145864932
1.7611,1.7611,1.7611,1.760397358,20.41775796,-0.665002318,0.847721988
1.7611,1.7611,1.7611,1.760397358,1.710806402,-1.027513031,-1.168675795
1.7611,1.7611,1.7611,1.760397358,6.912882726,0.340215528,-1.080786315
1.7611,1.7611,1.7611,1.760397358,138.4402016,0.977633849,-1.070307746
1.7611,1.7611,1.7611,1.760397358,1.675223418,-1.167747487,-1.197492824
1.7611,1.7611,1.7611,1.760397358,1.189268331,-0.512831684,-1.180463561
1.7611,1.7611,1.7611,1.760397358,1.644132636,-0.433866743,-1.204548622
1.7611,1.7611,1.7611,1.760397358,2.835723293,-1.084230859,-1.067958381
1.7611,1.7611,1.7611,1.760397358,1.592704131,1.733436821,-0.972305655
1.7611,1.7611,1.7611,1.760397358,11.82045219,-1.01647094,-0.990615697
1.7611,1.7611,1.7611,1.760397358,9.385544307,-0.321032796,-1.159959517
1.7611,1.7611,1.7611,1.760397358,2.301393965,-0.868274874,-1.156363526
1.7611,1.7611,1.7611,1.760397358,15.92215533,-0.931127433,-1.149208908
1.7611,1.7611,1.7611,1.760397358,70.76748571,-0.794683643,-0.826717153
1.7611,1.7611,1.7611,1.760397358,4.937483701,-1.004860703,-1.161654779
1.7611,1.7611,1.7611,1.760397358,5.088211569,-1.170540287,-1.10305091
1.7611,1.7611,1.7611,1.760397358,3.325251552,-1.1056275,-1.027458702
1.7611,1.7611,1.7611,1.760397358,1.733646149,-0.492644779,-1.191974222
1.7611,1.7611,1.7611,1.760397358,2.937482297,-1.092530482,-0.857341381
1.7611,1.7611,1.7611,1.760397358,1.478151561,-1.129829424,-1.176604829
1.7611,1.7611,1.7611,1.760397358,1.710760008,-1.119005902,-0.514700603
1.7611,1.7611,1.7611,1.760397358,5.285228694,1.200417249,-0.944897485
1.7611,1.7611,1.7611,1.760397358,4.878619723,-0.884471377,-1.064786903
1.7611,1.7611,1.7611,1.760397358,1.550632049,-0.953912459,-1.173075519
1.7611,1.7611,1.7611,1.760397358,6.664504948,-0.649960924,-1.166503197
1.7611,1.7611,1.7611,1.760397358,18.66227263,1.754150388,-1.159749234
1.7611,1.7611,1.7611,1.760397358,1.563055167,-0.74420252,-1.149687967
1.7611,1.7611,1.7611,1.760397358,4.553242113,0.557273026,-1.084529314
1.7611,1.7611,1.7611,1.760397358,3.629030662,0.594965697,-1.206846114
1.7611,1.7611,1.7611,1.760397358,0.86695484,-0.642086615,-1.185647769
1.7611,1.7611,1.7611,1.760397358,9.060329233,-1.01108847,0.848247271
1.7611,1.7611,1.7611,1.760397358,1.747819323,1.673300278,-1.128652237
1.7611,1.7611,1.7611,1.760397358,1.607743839,-0.966231223,-1.143049167
1.7611,1.7611,1.7611,1.760397358,8.975388663,-1.158902938,-0.708464781
1.7611,1.7611,1.7611,1.760397358,1.580726426,-0.790414646,-0.538220726
1.7611,1.7611,1.7611,1.760397358,16.61371588,0.53655777,-1.158684522
1.7611,1.7611,1.7611,1.760397358,1.408534095,-0.896686293,-0.900723985
1.7611,1.7611,1.7611,1.760397358,6.479235948,-0.961951517,-1.10272827
1.7611,1.7611,1.7611,1.760397358,1.48855579,-1.188609616,-0.045173349
1.7611,1.7611,1.7611,1.760397358,6.200419437,-1.041971845,-1.103627166
1.7611,1.7611,1.7611,1.760397358,1.748223228,-0.810128036,-0.333078207
1.7611,1.7611,1.7611,1.760397358,1.712108229,-0.895283899,-0.932239759
1.7611,1.7611,1.7611,1.760397358,4.905443383,-1.018221391,-0.985822362
1.7611,1.7611,1.7611,1.760397358,2.272775018,-1.127681191,-1.097132723
1.7611,1.7611,1.7611,1.760397358,1.377855398,-1.050866732,-1.193384031
1.7611,1.7611,1.7611,1.760397358,1.680862965,-1.090593294,-1.195312045
1.7611,1.7611,1.7611,1.760397358,2.562182834,-0.965256145,-1.159876399
1.7611,1.7611,1.7611,1.760397358,2.12001761,-1.059018748,-1.181194905
1.7611,1.7611,1.7611,1.760397358,2.096224059,-1.105796395,-1.157039024
1.7611,1.7611,1.7611,1.760397358,1.497554871,-1.078443161,-0.899219769
1.7611,1.7611,1.7611,1.760397358,1.281309354,-0.785277571,-1.177276285
1.7611,1.7611,1.7611,1.760397358,8.234740775,-0.635071719,-0.993456299
1.7611,1.7611,1.7611,1.760397358,1.676408263,-0.990239987,-1.044464065
1.7611,1.7611,1.7611,1.760397358,1.483612873,-0.493070927,-1.194586411
1.7611,1.7611,1.7611,1.760397358,32.71454423,-1.147081712,-1.116054399
1.7611,1.7611,1.7611,1.760397358,1.236467231,-0.695344696,-1.122449385
1.7611,1.7611,1.7611,1.760397358,3.671090017,-0.949834127,-1.195340697
1.7611,1.7611,1.7611,1.760397358,1.708542412,-1.140863763,-1.139012851
1.7611,1.7611,1.7611,1.760397358,1.506016863,-0.644593595,-1.203582447
1.7611,1.7611,1.7611,1.760397358,3.021137914,-1.054221097,-0.732486787
1.7611,1.7611,1.7611,1.760397358,1.615738235,-1.008740077,-0.704306966
1.7611,1.7611,1.7611,1.760397358,4.663354055,-1.06425083,-1.059919097
1.7611,1.7611,1.7611,1.760397358,2.102866353,-0.6712349,-1.14643539
1.7611,1.7611,1.7611,1.760397358,2.038247803,-0.266521225,-0.315981903
1.7611,1.7611,1.7611,1.760397358,15.77535885,-1.009061911,-1.132440082
1.7611,1.7611,1.7611,1.760397358,6.057629082,-0.980706641,-1.029433752
1.7611,1.7611,1.7611,1.760397358,29.13536634,-0.962437941,-0.972440013
1.7611,1.7611,1.7611,1.760397358,1.483637528,-1.0729112,-1.054476615
1.7611,1.7611,1.7611,1.760397358,4.09075654,-0.748978229,-1.180993455
1.7611,1.7611,1.7611,1.760397358,7.715789658,0.716675455,-1.168288767
1.7611,1.7611,1.7611,1.760397358,22.11468565,-1.066824296,-0.972599792
1.7611,1.7611,1.7611,1.760397358,6.299552246,-1.130811068,-1.153961649
1.7611,1.7611,1.7611,1.760397358,1.689586269,-0.921450071,-1.141021718
1.7611,1.7611,1.7611,1.760397358,1.56560346,-1.060206281,-1.170065793
1.7611,1.7611,1.7611,1.760397358,9.022370527,1.286646957,-1.123269716
1.7611,1.7611,1.7611,1.760397358,1.333495365,-1.082088767,-1.179877656
1.7611,1.7611,1.7611,1.760397358,1.239291626,-0.930207424,-1.01699042
1.7611,1.7611,1.7611,1.760397358,1.368638989,-1.159483758,-0.88794482
1.7611,1.7611,1.7611,1.760397358,2.358451341,0.859162196,-1.116763751
1.7611,1.7611,1.7611,1.760397358,1.625552359,-1.095255638,-1.103256466
1.7611,1.7611,1.7611,1.760397358,1.451307911,-1.18450829,-0.936366957
1.7611,1.7611,1.7611,1.760397358,7.485387502,-0.891050371,-1.091633302
1.7611,1.7611,1.7611,1.760397358,2.722092736,-1.100250408,-1.075586713
1.7611,1.7611,1.7611,1.760397358,1.327087696,-1.159257994,-1.154332137
1.7611,1.7611,1.7611,1.760397358,10.00918669,-0.476544279,-1.041839424
1.7611,1.7611,1.7611,1.760397358,1.221611364,-0.739936451,0.254760304
1.7611,1.7611,1.7611,1.760397358,1.742572513,-0.988690854,-1.10506285
1.7611,1.7611,1.7611,1.760397358,11.34631813,-1.060971318,-0.283140999
1.7611,1.7611,1.7611,1.760397358,4.592542059,-0.329040296,-1.181795866
1.7611,1.7611,1.7611,1.760397358,4.096332928,-0.451982969,-1.187694835
1.7611,1.7611,1.7611,1.760397358,12.22579768,-0.882781336,-0.998680056
1.7611,1.7611,1.7611,1.760397358,4.152814446,-0.690133924,-1.122217825
1.7611,1.7611,1.7611,1.760397358,47.49711221,-0.574427284,-0.801576353
1.7611,1.7611,1.7611,1.760397358,1.73858344,-0.908560893,-1.062413836
1.7611,1.7611,1.7611,1.760397358,3.627658856,-0.616747014,-1.084542127
1.7611,1.7611,1.7611,1.760397358,1.625322244,-0.994471172,-1.163195069
1.7611,1.7611,1.7611,1.760397358,2.198602824,-1.029266814,-1.067149747
1.7611,1.7611,1.7611,1.760397358,2.818416575,-1.066984804,-1.182770461
1.7611,1.7611,1.7611,1.760397358,127.317147,-0.887936411,-0.531543254
1.7611,1.7611,1.7611,1.760397358,1.513351704,-0.985806271,-1.151789227
1.7611,1.7611,1.7611,1.760397358,1.413363076,-0.599992221,-0.917634723
1.7611,1.7611,1.7611,1.760397358,4.258457003,-0.957249518,-1.120598335
1.7611,1.7611,1.7611,1.760397358,9.911413999,-0.872334554,-0.930736387
1.7611,1.7611,1.7611,1.760397358,1.664388319,-1.105425368,-1.182511108
1.7611,1.7611,1.7611,1.760397358,1.758547275,-1.153659018,-0.823466237
1.7611,1.7611,1.7611,1.760397358,6.924063654,-0.633488262,-1.007407466
1.7611,1.7611,1.7611,1.760397358,22.82435576,-1.046127294,-0.80658342
1.7611,1.7611,1.7611,1.760397358,3.319058096,-0.147472608,-1.091014698
1.7611,1.7611,1.7611,1.760397358,1.679674601,-0.974078639,0.057264967
1.7611,1.7611,1.7611,1.760397358,1.698223015,-1.150347043,-0.542554023
1.7611,1.7611,1.7611,1.760397358,1.655070968,-0.729644404,-1.087807988
1.7611,1.7611,1.7611,1.760397358,1.231006909,-1.109370304,-0.882236546
1.7611,1.7611,1.7611,1.760397358,211.0697208,-1.080018309,-1.125177567
1.7611,1.7611,1.7611,1.760397358,1.706515658,-1.061448699,-1.14962011
1.7611,1.7611,1.7611,1.760397358,8.41956741,-1.065590976,-1.085139364
1.7611,1.7611,1.7611,1.760397358,1.694324998,-1.075675944,-1.123236284
1.7611,1.7611,1.7611,1.760397358,130.0534836,-1.165685713,-1.135457105
1.7611,1.7611,1.7611,1.760397358,1.559794367,-1.144035718,-1.169746794
1.7611,1.7611,1.7611,1.760397358,0.886274674,-0.236248491,0.268179374
1.7611,1.7611,1.7611,1.760397358,1.742300109,-1.17980345,-1.113165986
1.7611,1.7611,1.7611,1.760397358,2.155302395,-0.229362502,-0.891200547
1.7611,1.7611,1.7611,1.760397358,1.457515036,-0.45000684,-0.913437341
1.7611,1.7611,1.7611,1.760397358,1.585286226,-1.155799178,-0.901538273
1.7611,1.7611,1.7611,1.760397358,2.436005169,-0.716401029,-1.143392632
1.7611,1.7611,1.7611,1.760397358,1.483417934,-0.983738126,-1.044198259
1.7611,1.7611,1.7611,1.760397358,1.624607752,-0.749165497,-1.097080912
1.7611,1.7611,1.7611,1.760397358,5.676442935,-0.944141611,-0.948940986
1.7611,1.7611,1.7611,1.760397358,6.182886847,-0.897706442,-1.084683969
1.7611,1.7611,1.7611,1.760397358,5.009987194,-0.916772953,-1.202288426
1.7611,1.7611,1.7611,1.760397358,12.67249455,-0.831550429,-1.197581393
1.7611,1.7611,1.7611,1.760397358,3.889614923,1.753716303,-1.201025224
1.7611,1.7611,1.7611,1.760397358,4.74534835,-0.894065454,-0.942651997
1.7611,1.7611,1.7611,1.760397358,7.700551879,-0.917181399,-0.585346253
1.7611,1.7611,1.7611,1.760397358,2.264152054,-1.005925816,-0.754117623
1.7611,1.7611,1.7611,1.760397358,1.497201912,-1.160879177,-0.918283266
1.7611,1.7611,1.7611,1.760397358,5.664062359,-0.674414138,-0.942396605
1.7611,1.7611,1.7611,1.760397358,1.679528413,-0.451945434,-1.124363545
1.7611,1.7611,1.7611,1.760397358,11.0926432,-1.066696104,-1.075524021
1.7611,1.7611,1.7611,1.760397358,1.061267724,0.826227379,-0.457554903
1.7611,1.7611,1.7611,1.760397358,1.015021903,-1.081165039,-1.153828918
1.7611,1.7611,1.7611,1.760397358,5.274201263,-1.04430115,-1.196957693
1.7611,1.7611,1.7611,1.760397358,2.653399433,-0.049205884,-1.015687486
1.7611,1.7611,1.7611,1.760397358,5.162725075,-0.343928713,-0.657272324
1.7611,1.7611,1.7611,1.760397358,6.801120712,-1.107405804,-1.177904473
1.7611,1.7611,1.7611,1.760397358,53.33597887,-1.094902861,-0.495204253
1.7611,1.7611,1.7611,1.760397358,2.579464016,-1.18294735,-1.136725951
1.7611,1.7611,1.7611,1.760397358,16.01203984,-1.084853535,-1.038788642
1.7611,1.7611,1.7611,1.760397358,3.032028383,-0.915852431,-1.197058395
1.7611,1.7611,1.7611,1.760397358,5.027056829,0.656193196,-1.09708463
1.7611,1.7611,1.7611,1.760397358,1.727800827,-1.184780871,-1.090911785
1.7611,1.7611,1.7611,1.760397358,11.97766364,-0.172513876,-1.149436878
1.7611,1.7611,1.7611,1.760397358,1.631183192,-1.154036387,-0.918959884
1.7611,1.7611,1.7611,1.760397358,2.583695624,-0.589319532,-1.097138114
1.7611,1.7611,1.7611,1.760397358,1.24634857,-0.72020783,1.744652844
1.7611,1.7611,1.7611,1.760397358,1.649926093,-1.008316054,-1.140454519
1.7611,1.7611,1.7611,1.760397358,7.599721032,-1.020203513,-0.791289434
1.7611,1.7611,1.7611,1.760397358,1.681122766,-0.622112748,-1.132651135
1.7611,1.7611,1.7611,1.760397358,3.23731778,-0.456595591,-0.441613932
1.7611,1.7611,1.7611,1.760397358,1.209074771,-1.146854226,1.035932073
1.7611,1.7611,1.7611,1.760397358,3.230204491,-0.699972069,-0.624455384
1.7611,1.7611,1.7611,1.760397358,2.665254,-0.485904647,-1.046972659
1.7611,1.7611,1.7611,1.760397358,4.715663863,-0.786471941,-1.206242228
1.7611,1.7611,1.7611,1.760397358,1.748007319,-1.013511224,-0.884583142
1.7611,1.7611,1.7611,1.760397358,1.626267257,-1.033060407,-0.151617017
1.7611,1.7611,1.7611,1.760397358,5.477319829,-1.118462385,-1.144735821
1.7611,1.7611,1.7611,1.760397358,1.570525847,-0.517915136,-1.193589602
1.7611,1.7611,1.7611,1.760397358,12.00176443,-0.708133513,-0.609686285
1.7611,1.7611,1.7611,1.760397358,2.742180338,-0.463487824,-0.979001463
1.7611,1.7611,1.7611,1.760397358,91.8740706,-0.848957095,-1.059770129
1.7611,1.7611,1.7611,1.760397358,1.559267118,-0.395285086,-1.089793171
1.7611,1.7611,1.7611,1.760397358,10.21905396,-0.120155648,-1.0934642
1.7611,1.7611,1.7611,1.760397358,5.558397927,-1.165153985,-1.184106464
1.7611,1.7611,1.7611,1.760397358,1.758896468,-0.877593495,1.487605397
1.7611,1.7611,1.7611,1.760397358,3.271805464,-0.412417133,-0.818025207
1.7611,1.7611,1.7611,1.760397358,2.344443674,-1.106510224,-0.534006192
1.7611,1.7611,1.7611,1.760397358,1.545868442,-1.058546625,-1.107200386
1.7611,1.7611,1.7611,1.760397358,1.535147789,-1.147624526,-1.106208542
1.7611,1.7611,1.7611,1.760397358,1.161280402,-1.082924872,-1.04828169
1.7611,1.7611,1.7611,1.760397358,1.698235871,0.1110036,-0.128681171
1.7611,1.7611,1.7611,1.760397358,2.794145399,-0.472376677,-1.199528363
1.7611,1.7611,1.7611,1.760397358,4.322523616,-0.75247668,-1.157839442
1.7611,1.7611,1.7611,1.760397358,10.8764657,-0.835090365,-1.167397453
1.7611,1.7611,1.7611,1.760397358,1.291663277,-0.663497403,-1.126173125
1.7611,1.7611,1.7611,1.760397358,1.587082022,-1.13588111,-1.113047344
1.7611,1.7611,1.7611,1.760397358,10.94281379,-1.128298445,-0.635139387
1.7611,1.7611,1.7611,1.760397358,4.600371784,1.739497628,-1.105887522
1.7611,1.7611,1.7611,1.760397358,1.508748906,-0.976783917,-1.083127666
1.7611,1.7611,1.7611,1.760397358,1.421165536,-1.067685385,-1.191512957
1.7611,1.7611,1.326721562,1.760397358,1.602230119,-0.887792704,-1.172474794
1.7611,1.7611,1.7611,1.760397358,1.714225212,-1.013355225,-1.130629698
1.7611,1.7611,1.7611,1.760397358,1.209579455,-0.269373051,-0.6862426
1.7611,1.7611,1.7611,1.760397358,1.324201537,-0.80160234,-0.50735984
1.7611,1.7611,1.7611,1.760397358,1.170184061,-1.077441369,-1.026589909
1.7611,1.7611,1.7611,1.760397358,7.761954115,-0.083966186,-1.106022025
1.7611,1.7611,1.7611,1.760397358,2.839590438,-0.970064039,-0.987428195
1.7611,1.7611,1.7611,1.760397358,8.437252392,0.024813426,-1.103851973
1.7611,1.7611,1.7611,1.760397358,1.451893064,-1.151928661,-1.184206591
1.7611,1.7611,1.7611,1.760397358,17.98833531,-1.090240073,-1.176208345
1.7611,1.7611,1.7611,1.760397358,2.473545782,-1.150402729,-1.167463206
1.7611,1.7611,1.7611,1.760397358,2.782766363,-0.956261548,-1.194374334
1.7611,1.7611,1.7611,1.760397358,1.610324846,-0.837387378,-1.148213822
1.7611,1.7611,1.7611,1.760397358,1.63374347,0.385632345,-1.201189556
1.7611,1.7611,1.7611,1.760397358,1.724177384,-0.630192133,-1.052334659
1.7611,1.7611,1.7611,1.760397358,1.745257724,-1.13884213,-1.146299581
1.7611,1.7611,1.7611,1.760397358,1.781774565,-0.84023619,-1.006746421
1.7611,1.7611,1.7611,1.760397358,8.931818856,-1.183806156,-0.948179588
1.7611,1.7611,1.7611,1.760397358,1.68949766,-0.762517083,-0.499989243
1.7611,1.7611,1.7611,1.760397358,1.729344317,-0.678974378,-1.159578063
1.7611,1.7611,1.7611,1.760397358,1.697995324,1.753379453,-0.80127433
1.7611,1.7611,1.7611,1.760397358,1.42808681,-0.434977965,-0.347467465
1.7611,1.7611,1.7611,1.760397358,1.666068988,-0.992458432,-1.100550477
1.7611,1.7611,1.7611,1.760397358,1.389177364,-1.086964633,-1.135579541
1.7611,1.7611,1.7611,1.760397358,4.195156026,-1.149659888,-1.107260777
1.7611,1.7611,1.7611,1.760397358,1.206599876,-0.149526274,-1.139350996
1.7611,1.7611,1.559092622,1.760397358,4.283742769,-0.573910486,-1.125085633
1.7611,1.7611,1.7611,1.760397358,1.300316353,-1.147092668,-1.088649277
1.7611,1.7611,1.7611,1.760397358,21.91325754,-0.428012818,-1.188185303
1.7611,1.7611,1.7611,1.760397358,2.685003748,-0.692026985,-0.457744637
1.7611,1.7611,1.7611,1.760397358,2.583034307,-1.180076661,0.46884126
1.7611,1.7611,1.7611,1.760397358,1.371417259,-1.140467361,-0.927391919
1.7611,1.7611,1.7611,1.760397358,5.61264959,0.079799663,-1.185672247
1.7611,1.7611,1.7611,1.760397358,23.26104965,-0.738526745,-1.173376804
1.7611,1.7611,1.7611,1.760397358,2.209754205,-0.972377273,-1.085036819
1.7611,1.7611,1.7611,1.760397358,0.970031693,-1.112790879,-1.011136831
1.7611,1.7611,1.7611,1.760397358,2.13594954,-1.067234075,-0.832948225
1.7611,1.7611,1.7611,1.760397358,5.168650077,-0.675468041,-0.892918095
1.7611,1.7611,1.7611,1.760397358,1.105754426,-1.066666635,-0.77589745
1.7611,1.7611,1.7611,1.760397358,18.47392207,-1.037156992,-1.124710003
1.7611,1.7611,1.7611,1.760397358,1.516118876,1.710447116,-1.174467901
1.7611,1.7611,1.7611,1.760397358,2.335244355,-0.962440268,-0.773291166
1.7611,1.7611,1.7611,1.760397358,1.705748223,-0.334454794,-1.147543701
1.7611,1.7611,1.7611,1.760397358,21.29710073,-1.094451267,-1.147228394
1.7611,1.7611,1.7611,1.760397358,1.14278971,-0.696992439,-1.1794907
1.7611,1.7611,1.7611,1.760397358,2.23426704,-0.520006376,-0.973221805
1.7611,1.7611,1.7611,1.760397358,19.61674409,-1.041300232,-0.985474025
1.7611,1.7611,1.7611,1.760397358,5.386659503,-0.964777837,-1.12551686
1.7611,1.7611,1.207543726,1.760397358,1.150680158,1.730700157,-1.18612155
1.7611,1.7611,1.7611,1.760397358,2.886063867,-0.130912834,-1.144427501
1.7611,1.7611,1.7611,1.760397358,1.389054938,0.698599728,-0.971154233
1.7611,1.7611,1.7611,1.760397358,1.69839084,1.58488958,-0.486280468
1.7611,1.7611,1.7611,1.760397358,3.996620454,-1.100882408,-1.118010415
1.7611,1.7611,1.7611,1.760397358,5.6886722,-1.064912508,-0.990128315
1.7611,1.7611,1.7611,1.760397358,1.588467727,-1.114808945,-0.556848479
1.7611,1.7611,1.7611,1.760397358,8.750767012,-0.974023973,-0.050248729
1.7611,1.7611,1.7611,1.760397358,9.68982627,-1.093351484,-1.042766849
1.7611,1.7611,1.7611,1.760397358,1.403982429,-1.045988607,-1.108800249
1.7611,1.7611,1.7611,1.760397358,1.330320553,1.759021718,-1.118606367
1.7611,1.7611,1.7611,1.760397358,1.625833702,-1.167863095,-1.192904708
1.7611,1.7611,1.7611,1.760397358,2.363920341,-0.276330563,-1.173646154
1.7611,1.7611,1.7611,1.760397358,1.558329405,-0.775712823,-1.121729384
1.7611,1.7611,1.7611,1.760397358,1.86505033,-0.982298106,-0.459227073
1.7611,1.7611,1.7611,1.760397358,2.763385095,-0.846001087,-0.926681676
1.7611,1.7611,1.7611,1.760397358,1.638684495,-0.748856124,-0.786456331
1.7611,1.7611,1.7611,1.760397358,1.489159365,0.020445102,-0.732109584
1.7611,1.7611,1.7611,1.760397358,1.046956657,-0.932546145,-0.924548577
1.7611,1.7611,1.7611,1.760397358,2.915568488,-0.613372182,-1.124730782
1.7611,1.7611,1.7611,1.760397358,4.395925478,-1.091255729,-1.135632509
1.7611,1.7611,1.7611,1.760397358,6.172104495,0.718353937,-0.826055423
1.7611,1.7611,1.7611,1.760397358,1.630204698,0.77764586,-1.108364495
1.7611,1.7611,1.7611,1.760397358,7.588279466,-0.829382913,-0.666289338
1.7611,1.7611,1.7611,1.760397358,4.981503864,1.69480282,-1.201599541
1.7611,1.7611,1.7611,1.760397358,3.87874821,-0.95066013,-0.931926522
1.7611,1.7611,1.7611,1.760397358,2.85291128,-0.811825339,-0.907342962
1.7611,1.7611,1.7611,1.760397358,58.49041456,-1.128888266,-1.159278982
1.7611,1.7611,1.7611,1.760397358,26.78746151,-0.844122348,-0.1576884
1.7611,1.7611,1.7611,1.760397358,1.74313918,-0.622414065,-1.027009803
1.7611,1.7611,1.7611,1.760397358,3.149203532,-0.770615144,-0.775756764
1.7611,1.7611,1.7611,1.760397358,6.264331539,-0.989567664,-1.166289157
1.7611,1.7611,1.7611,1.760397358,19.1095826,-1.030703838,-1.159848742
1.7611,1.7611,1.7611,1.760397358,6.857539207,-1.012285618,-1.117213644
1.7611,1.7611,1.7611,1.760397358,1.677419373,-1.05639376,1.114053123
1.7611,1.7611,1.7611,1.760397358,1.553035961,-1.191195445,-0.66710561
1.7611,1.7611,1.7611,1.760397358,1.369800589,0.842447932,-0.420069611
1.7611,1.7611,1.7611,1.760397358,1.491296842,-1.019725876,-0.581235963
1.7611,1.7611,1.7611,1.760397358,15.35104881,-0.901856648,-1.103740401
1.7611,1.7611,1.7611,1.760397358,20.3161944,1.399261763,0.166479855
1.7611,1.7611,1.7611,1.760397358,21.32717594,-1.077831791,-1.170664216
1.7611,1.7611,1.7611,1.760397358,57.59551901,-1.045924085,-0.879881839
1.7611,1.7611,1.7611,1.760397358,2.009963435,-1.164591393,-1.145242374
1.7611,1.7611,1.7611,1.760397358,1.798722227,-1.116697982,-1.111852226
1.7611,1.7611,1.7611,1.760397358,1.738463946,1.118123923,-0.650530389
1.7611,1.7611,1.7611,1.760397358,1.57691811,-1.059547073,-1.115114291
1.7611,1.7611,1.7611,1.760397358,1.084871747,-0.962938494,-0.815751262
1.7611,1.7611,1.7611,1.760397358,1.515369018,-1.085100576,-0.780554565
1.7611,1.7611,1.7611,1.760397358,7.220447827,0.626567769,-0.842084904
1.7611,1.7611,1.7611,1.760397358,3.836860545,-0.983418672,-1.179813563
1.7611,1.7611,1.7611,1.760397358,4.826923134,-0.93798658,-0.489420123
1.7611,1.7611,1.7611,1.760397358,1.398004173,-1.121165904,-1.182616372
1.7611,1.7611,1.7611,1.760397358,2.701614075,0.411459656,-0.980738659
1.7611,1.7611,1.7611,1.760397358,1.446558995,-1.109069296,-1.194443341
1.7611,1.7611,1.7611,1.760397358,1.695260271,-0.849622857,-1.034178939
1.7611,1.7611,1.7611,1.760397358,1.257944385,-1.097387719,-1.197157852
1.7611,1.7611,1.7611,1.760397358,0.936174167,-0.875137546,-1.207834541
1.7611,1.7611,1.7611,1.760397358,1.616842713,-1.14806646,-1.178949996
1.7611,1.7611,1.7611,1.760397358,2.646289973,-1.052497153,-1.08999185
1.7611,1.7611,1.7611,1.760397358,1.357225236,-1.018485422,-1.06258274
1.7611,1.7611,1.7611,1.760397358,1.606393391,0.572926264,-0.599006959
1.7611,1.7611,1.7611,1.760397358,1.732168016,-1.015433465,0.161151124
1.7611,1.7611,1.7611,1.760397358,2.499630246,1.728591581,-1.038296048
1.7611,1.7611,1.7611,1.760397358,1.644014283,-1.032033792,-1.149890166
1.7611,1.7611,1.7611,1.760397358,1.624700029,-0.922408973,-1.120432858
1.7611,1.7611,1.7611,1.760397358,4.427149579,0.071271383,-1.177439962
1.7611,1.7611,1.7611,1.760397358,4.664171331,1.009265389,-1.135660511
1.7611,1.7611,1.7611,1.760397358,17.79496864,-0.793521738,-1.088002056
1.7611,1.7611,1.7611,1.760397358,4.85426526,0.643702554,-1.120186321
1.7611,1.7611,1.7611,1.760397358,2.37602106,-0.753745141,-0.946483629
1.7611,1.7611,1.7611,1.760397358,3.234881844,-0.11842078,0.513082862
1.7611,1.7611,1.7611,1.760397358,1.391520619,1.720306532,-0.995800698
1.7611,1.7611,1.7611,1.760397358,1.710933763,-1.161736446,-1.158281823
1.7611,1.7611,1.7611,1.760397358,1.469924849,0.923877131,-0.8141925
1.7611,1.7611,1.7611,1.760397358,1.59117664,-0.446611402,-1.160166204
1.7611,1.7611,1.7611,1.760397358,1.58780475,-1.040380316,-1.102955547
1.7611,1.7611,1.7611,1.760397358,6.07205673,-0.664862821,-0.735586957
1.7611,1.7611,1.7611,1.760397358,1.470528498,0.054479505,-0.45298813
1.7611,1.7611,1.7611,1.760397358,6.517296679,-1.145230678,-1.203421879
1.7611,1.7611,1.7611,1.760397358,2.758845835,-1.102819733,-1.182371816
1.7611,1.7611,1.7611,1.760397358,3.177573653,-1.128595768,-1.076239837
1.7611,1.7611,1.7611,1.760397358,15.90246894,-1.119875426,-1.125974079
1.7611,1.7611,1.7611,1.760397358,91.51534391,-0.241426563,-0.95742935
1.7611,1.7611,1.7611,1.760397358,1.668315456,-0.59199853,-1.060695896
1.7611,1.7611,1.7611,1.760397358,15.04426223,-0.857605736,-0.599485228
1.7611,1.7611,1.7611,1.760397358,1.52745122,-0.943817506,-1.174565533
1.7611,1.7611,1.7611,1.760397358,1.270580662,-0.283771362,-1.182717433
1.7611,1.7611,1.7611,1.760397358,4.82032632,0.095383573,-1.195395664
1.7611,1.7611,1.7611,1.760397358,3.563160275,-0.938819657,-1.057506044
1.7611,1.7611,1.7611,1.760397358,1.634553918,0.051113581,-1.175004145
1.7611,1.7611,1.7611,1.760397358,2.297062802,1.041463298,-0.173207539
1.7611,1.7611,1.7611,1.760397358,2.569715151,-0.979430688,-1.149382522
1.7611,1.7611,1.7611,1.760397358,1.424611078,-0.942044636,-1.079163244
1.7611,1.7611,1.7611,1.760397358,1.134021591,-0.794960766,-1.042814507
1.7611,1.7611,1.7611,1.760397358,1.500928836,-0.586103148,-0.987223152
1.7611,1.7611,1.7611,1.760397358,1.493607234,-1.031889582,-1.003122518
1.7611,1.7611,1.7611,1.760397358,3.093716471,-1.040018721,-0.998484286
1.7611,1.7611,1.7611,1.760397358,13.13653046,-0.104125076,-1.129997355
1.7611,1.7611,1.7611,1.760397358,1.373616773,-0.987826878,0.250076794
1.7611,1.7611,1.7611,1.760397358,1.146370315,-1.161475641,-1.137031521
1.7611,1.7611,1.7611,1.760397358,3.756043965,-0.396525951,-1.185132335
1.7611,1.7611,1.7611,1.760397358,1.744254643,0.560140796,-1.18042643
1.7611,1.7611,1.660185754,1.760397358,3.207782519,-0.929192252,-0.89178095
1.7611,1.7611,1.7611,1.760397358,20.77671429,-1.119573953,-0.498062874
1.7611,1.7611,1.7611,1.760397358,2.312607754,-1.07750817,-1.063878653
1.7611,1.7611,1.7611,1.760397358,6.127517484,-1.037518946,-0.982249858
1.7611,1.7611,1.7611,1.760397358,7.69006664,0.045643612,-1.159454721
1.7611,1.7611,1.7611,1.760397358,2.452124576,-0.926363385,-0.843836328
1.7611,1.7611,1.7611,1.760397358,1.246472426,-0.4013012,-1.197572676
1.7611,1.7611,1.7611,1.760397358,1.016689404,0.352861858,-0.493012536
1.7611,1.7611,1.7611,1.760397358,46.74175213,-1.014761159,-0.269649343
1.7611,1.7611,1.706728364,1.760397358,1.377995522,-0.721287456,-1.025304395
1.7611,1.7611,1.7611,1.760397358,1.753284243,-0.610810114,-1.04581878
1.7611,1.7611,1.7611,1.760397358,6.621118106,-0.831537534,-0.974116562
1.7611,1.7611,1.7611,1.760397358,1.52219266,-0.855883512,-0.631091879
1.7611,1.7611,1.7611,1.760397358,1.700796746,-0.544816279,-0.437278776
1.7611,1.7611,1.7611,1.760397358,1.14572443,-1.145473703,-1.081853356
1.7611,1.7611,1.7611,1.760397358,2.043504493,-0.911080971,-0.809785917
1.7611,1.7611,1.7611,1.760397358,3.294812782,-1.033357243,-1.066886027
1.7611,1.7611,1.7611,1.760397358,1.874085477,-1.105974528,-1.130077184
1.7611,1.7611,1.7611,1.760397358,5.578142974,-0.889574607,-1.071338107
1.7611,1.7611,1.7611,1.760397358,2.263010584,-1.172389398,-1.122205461
1.7611,1.7611,1.7611,1.760397358,5.281036255,-0.982432745,-1.151927772
1.7611,1.7611,1.7611,1.760397358,1.30078167,-1.042621312,-1.053013904
1.7611,1.7611,1.7611,1.760397358,1.601522234,-0.559979777,0.4987769
1.7611,1.7611,1.7611,1.760397358,5.654337505,0.822553251,-1.172586504
1.7611,1.7611,1.7611,1.760397358,1.649220675,-1.050774814,-0.736938231
1.7611,1.7611,1.7611,1.760397358,6.392395497,-0.982445688,-1.160402194
1.7611,1.7611,1.7611,1.760397358,1.477772952,-0.69478781,-0.980535916
1.7611,1.7611,1.7611,1.760397358,2.200517177,-0.668659828,-1.077548826
1.7611,1.7611,1.7611,1.760397358,4.298911593,-0.744070567,-1.004803398
1.7611,1.7611,1.7611,1.760397358,8.677778138,-0.845641897,-1.072095697
1.7611,1.7611,1.7611,1.760397358,9.421107253,-0.972693932,-1.174821766
1.7611,1.7611,1.7611,1.760397358,6.658658202,-1.127035547,-0.977003227
1.7611,1.7611,1.7611,1.760397358,2.450242767,-0.734705268,-0.984360093
1.7611,1.7611,1.523546912,1.760397358,1.023180524,-1.159632097,-0.831682925
1.7611,1.7611,1.7611,1.760397358,1.737911367,-1.135702828,-1.142598457
1.7611,1.7611,1.7611,1.760397358,1.712499204,-0.836242691,-1.127666209
1.7611,1.7611,1.7611,1.760397358,9.166074541,-0.809605082,-0.97018929
1.7611,1.7611,1.7611,1.760397358,6.895574801,-1.137492523,-1.108597579
1.7611,1.7611,1.7611,1.760397358,1.647809872,-0.402882027,-1.043434903
1.7611,1.7611,1.7611,1.760397358,1.469936099,-0.446323009,-0.324925621
1.7611,1.7611,1.7611,1.760397358,3.741659809,-1.126947501,-1.14235104
1.7611,1.7611,1.7611,1.760397358,2.735375563,-1.178511353,-0.768081919
1.7611,1.7611,1.7611,1.760397358,1.411636736,-1.043760673,-0.767854166
1.7611,1.7611,1.7611,1.760397358,2.482993834,-0.975713823,-1.184533467
1.7611,1.7611,1.7611,1.760397358,1.539612954,-1.179378634,-1.166014312
1.7611,1.7611,1.7611,1.760397358,5.351812013,-1.102075643,-1.129056036
1.7611,1.7611,1.7611,1.760397358,3.725123571,-0.918186978,-1.176153307
1.7611,1.7611,1.7611,1.760397358,1.201941493,-0.98682295,-1.194753693
1.7611,1.7611,1.7611,1.760397358,2.496515152,1.577340705,-0.781219578
1.7611,1.7611,1.7611,1.760397358,2.18751056,-1.059305564,1.094544311
1.7611,1.7611,1.7611,1.760397358,1.225243824,-1.099719512,-1.186222449
1.7611,1.7611,1.7611,1.760397358,25.73625532,-0.63038835,-0.978235518
1.7611,1.7611,1.7611,1.760397358,2.440920976,1.307212035,-1.126967695
1.7611,1.7611,1.7611,1.760397358,1.621748256,-1.142067647,-0.837345267
1.7611,1.7611,1.7611,1.760397358,14.24905138,-1.038547944,-1.192560919
1.7611,1.7611,1.7611,1.760397358,10.57470992,-0.80995241,-0.964852221
1.7611,1.7611,1.7611,1.760397358,3.865808786,-0.973175308,-0.450096934
1.7611,1.7611,1.7611,1.760397358,17.64047382,-1.105786568,-0.929921637
1.7611,1.7611,1.7611,1.760397358,1.39857807,-1.046622721,-1.176515134
1.7611,1.7611,1.7611,1.760397358,4.045092556,1.72819191,-1.088031033
1.7611,1.7611,1.7611,1.760397358,2.02940412,-0.810274658,-0.286867159
1.7611,1.7611,1.7611,1.760397358,1.376331916,-0.053417045,-0.584377666
1.7611,1.7611,1.7611,1.760397358,2.98882927,-0.914581446,-1.149063645
1.7611,1.7611,1.7611,1.760397358,0.954186363,1.106247484,-1.126060378
1.7611,1.7611,1.7611,1.760397358,12.06179656,-0.704324583,-1.165712045
1.7611,1.7611,1.7611,1.760397358,3.31549163,-0.888703422,-0.921654394
1.7611,1.7611,1.7611,1.760397358,16.8742402,0.171020051,-1.07709147
1.7611,1.7611,1.7611,1.760397358,37.33611692,-0.342268757,-1.152103776
1.7611,1.7611,1.7611,1.760397358,1.760020387,-1.039097315,-1.06550666
1.7611,1.7611,1.7611,1.760397358,1.087068468,-0.967214134,-1.209671637
1.7611,1.7611,1.7611,1.760397358,1.409410005,-0.672516425,-1.082903834
1.7611,1.7611,1.7611,1.760397358,1.676081714,-0.972663401,-1.16246701
1.7611,1.7611,1.7611,1.760397358,2.950433531,-0.953751961,-1.103367916
1.7611,1.7611,1.7611,1.760397358,1.597978893,-0.630726255,-1.095993178
1.7611,1.7611,1.7611,1.760397358,1.921171442,-1.092568006,-1.147442538
1.7611,1.7611,1.7611,1.760397358,1.571361561,-1.020698272,0.120739567
1.7611,1.7611,1.7611,1.760397358,2.053748125,-1.002597892,-0.825741208
1.7611,1.7611,1.7611,1.760397358,6.171549077,0.940688173,-1.120100344
1.7611,1.7611,1.7611,1.760397358,2.872812063,-0.875395738,-1.038565324
1.7611,1.7611,1.7611,1.760397358,1.589029394,0.843112594,-1.081563131
1.7611,1.7611,1.7611,1.760397358,1.228412985,-0.640969894,-1.207140331
1.7611,1.7611,1.7611,1.760397358,3.958969049,-0.985177698,-1.156377008
1.7611,1.7611,1.7611,1.760397358,1.757379638,-0.814574043,-0.885518024
1.7611,1.7611,1.7611,1.760397358,1.530828121,-0.980863533,-1.142714468
1.7611,1.7611,1.7611,1.760397358,4.390420399,-1.047029219,-1.197317269
1.7611,1.7611,1.7611,1.760397358,3.803280221,-1.134064081,-1.047819218
1.7611,1.7611,1.7611,1.760397358,2.243174547,-1.079947637,-1.111766782
1.7611,1.7611,1.7611,1.760397358,2.670489802,0.781110285,-1.17966564
1.7611,1.7611,1.7611,1.760397358,0.78446118,-0.448610888,-0.961514875
1.7611,1.7611,1.7611,1.760397358,3.497228205,-0.628415753,-1.212350679
1.7611,1.7611,1.7611,1.760397358,1.226358479,-1.142919012,-1.15787742
1.7611,1.7611,1.7611,1.760397358,7.479963272,-1.029703479,-1.187561314
1.7611,1.7611,1.7611,1.760397358,1.649797304,-1.055386702,-0.697395624
1.7611,1.7611,1.7611,1.760397358,8.05638659,-0.816186558,-0.974586014
1.7611,1.7611,1.7611,1.760397358,1.899816838,-1.145081059,-1.187096971
1.7611,1.7611,1.7611,1.760397358,16.09394915,-0.93974049,-1.144373887
1.7611,1.7611,1.7611,1.760397358,1.747567712,-1.0303632,-0.869561606
1.7611,1.7611,1.7611,1.760397358,8.494372203,-0.9720781,-1.169987243
1.7611,1.7611,1.7611,1.760397358,3.078613846,-1.133934785,0.153764757
1.7611,1.7611,1.7611,1.760397358,1.065163679,-0.333465243,-1.127665211
1.7611,1.7611,1.7611,1.760397358,7.964094606,-0.816224353,-1.001181066
1.7611,1.7611,1.7611,1.760397358,2.043664508,1.429689479,-1.13478504
1.7611,1.7611,1.7611,1.760397358,1.466279688,-1.118703712,-1.160496875
1.7611,1.7611,1.7611,1.760397358,5.04433194,-1.183429027,-1.189233522
1.7611,1.7611,1.7611,1.760397358,2.187085177,-1.023964065,-1.105357447
1.7611,1.7611,1.7611,1.760397358,1.44429681,-1.036234653,-0.586137071
1.7611,1.7611,1.7611,1.760397358,2.641941091,-0.930905547,0.1354125
1.7611,1.7611,1.7611,1.760397358,1.674485631,-1.006551615,-0.989360505
1.7611,1.7611,1.7611,1.760397358,1.569903104,-0.765439429,-1.185437151
1.7611,1.7611,1.7611,1.760397358,1.74853456,0.070061143,-0.834070101
1.7611,1.7611,1.7611,1.760397358,1.803677102,-1.17638367,-0.065190511
1.7611,1.7611,1.7611,1.760397358,1.722290561,0.246681997,-1.056685209
1.7611,1.7611,1.7611,1.760397358,3.322001226,-0.951825723,-1.092456715
1.7611,1.7611,1.7611,1.760397358,2.048142157,-0.810401175,-1.041217806
1.7611,1.7611,1.7611,1.760397358,4.374232859,-1.056994181,-1.169953014
1.7611,1.7611,1.669471518,1.760397358,3.042800748,-1.126032993,-0.644820825
1.7611,1.7611,1.7611,1.760397358,1.514652633,-0.697709983,-1.03246785
1.7611,1.7611,1.7611,1.760397358,0.92400179,-0.677520633,-1.197222721
1.7611,1.7611,1.7611,1.760397358,1.712571884,-0.938727975,-0.992017676
1.7611,1.7611,1.7611,1.760397358,2.705435512,1.344614953,-1.143097266
1.7611,1.7611,1.7611,1.760397358,4.584606241,-1.08982549,-0.978920304
1.7611,1.7611,1.7611,1.760397358,3.892658075,-0.868669118,-0.897600888
1.7611,1.7611,1.7611,1.760397358,6.840921104,-0.919034724,-1.018793116
1.7611,1.7611,1.7611,1.760397358,13.12702458,-0.846754629,-1.122640347
1.7611,1.7611,1.7611,1.760397358,2.345402152,-0.839823785,-0.983413769
1.7611,1.7611,1.7611,1.760397358,3.970451765,1.717619343,-1.073822144
1.7611,1.7611,1.7611,1.760397358,1.477666107,-0.737503372,0.981455741
1.7611,1.7611,1.7611,1.760397358,11.92424654,-1.153403946,-0.506588499
1.7611,1.7611,1.7611,1.760397358,3.347963817,-0.384367205,-1.198714968
1.7611,1.7611,1.7611,1.760397358,3.183708506,-1.011163366,-1.190958679
1.7611,1.7611,1.7611,1.760397358,9.366027461,-0.942992248,-0.968047223
1.7611,1.7611,1.7611,1.760397358,1.703441824,-0.233421581,-1.149712424
1.7611,1.7611,1.7611,1.760397358,9.774020629,-1.150554082,-0.992587851
1.7611,1.7611,1.7611,1.760397358,1.749588662,-0.797307673,-1.085047656
1.7611,1.7611,1.7611,1.760397358,4.402584425,-0.939098373,-1.05092228
1.7611,1.7611,1.7611,1.760397358,3.885312024,0.800342987,-1.162438633
1.7611,1.7611,1.7611,1.760397358,1.21653632,-0.682280481,-0.573981178
1.7611,1.7611,1.7611,1.760397358,7.86996327,-1.074477764,-1.13678482
1.7611,1.7611,1.7611,1.760397358,1.608370739,-1.066720075,-1.036776757
1.7611,1.7611,1.7611,1.760397358,1.167731243,-1.063496781,-0.901775258
1.7611,1.7611,1.7611,1.760397358,1.729107848,-1.083325168,-1.01056318
1.7611,1.7611,1.7611,1.760397358,19.26585486,-0.958416051,-1.17897081
1.7611,1.7611,1.7611,1.760397358,2.368608822,-1.105031332,-1.113974067
1.7611,1.7611,1.7611,1.760397358,0.934918709,-1.130127083,-1.076045528
1.7611,1.7611,1.7611,1.760397358,1.313623566,1.746155667,-1.006122875
1.7611,1.7611,1.7611,1.760397358,2.604527733,-0.992035249,-1.160658737
1.7611,1.7611,1.7611,1.760397358,3.123967563,-0.912958988,-1.148727594
1.7611,1.7611,1.7611,1.760397358,1.722573745,0.051534285,-0.751225333
1.7611,1.7611,1.7611,1.760397358,5.542529675,-1.13705725,-1.062455114
1.7611,1.7611,1.7611,1.760397358,3.742545279,-1.087219366,-1.065130082
1.7611,1.7611,1.7611,1.760397358,2.406357926,-1.128258308,-0.96376633
1.7611,1.7611,1.7611,1.760397358,1.478998801,-1.027436901,-0.853565447
1.7611,1.7611,1.7611,1.760397358,1.346985828,-0.845034922,-1.135592908
1.7611,1.7611,1.7611,1.760397358,1.427106256,-0.936320402,-1.150544661
1.7611,1.7611,1.7611,1.760397358,1.615200682,-0.789201417,-1.046414237
1.7611,1.7611,1.7611,1.760397358,1.578007919,-0.004407448,-0.37635154
1.7611,1.7611,1.7611,1.760397358,3.43012168,-0.744967756,-0.60351629
