ACO,ABC ,CS,DIRECT,HS ,PSO,Firefly
0.015269756,0.090055227,0.445281506,0.064127207,0.133655548,0.001000881,0.003005028
0.013147354,0.094635963,0.390274048,0.060124397,0.139472008,0.002001047,0.00400281
0.014184475,0.089930296,0.368756294,0.063301325,0.140452862,0.001000643,0.003201723
0.014184475,0.090649128,0.371412277,0.068773508,0.134027719,0.001000643,0.003002167
0.014926195,0.089750528,0.379388809,0.062475681,0.130288601,0.001001358,0.003155708
0.014167547,0.088851929,0.405654907,0.063930511,0.132303953,0.001000881,0.003120184
0.014657259,0.091636896,0.371263742,0.06086731,0.131621838,0.001149893,0.003171206
0.014767885,0.088103771,0.36675334,0.060886383,0.148546696,0.001018286,0.003144026
0.013628483,0.088790655,0.371309757,0.060347795,0.13276124,0.000999689,0.003000021
0.017193556,0.08775425,0.418787479,0.060201883,0.131663561,0.001062155,0.003064632
0.013301849,0.086733341,0.37605238,0.063471794,0.132943153,0.001000404,0.003001451
0.015414,0.090322018,0.388455629,0.062152147,0.129348755,0.00112772,0.003129005
0.014392614,0.090664148,0.364994287,0.063122749,0.142277956,0.001137495,0.003138304
0.014495373,0.088947773,0.37821126,0.061681986,0.132136345,0.001000643,0.003151178
0.016504288,0.090622902,0.41698122,0.061286211,0.131164074,0.001000881,0.004002571
0.013127327,0.103606939,0.388452291,0.064939976,0.134259224,0.000999689,0.003000021
0.013644695,0.091816425,0.372787714,0.061176777,0.133256674,0.001200199,0.003201246
0.013425827,0.087353706,0.367772341,0.072811842,0.130605698,0.001001596,0.003175497
0.015166521,0.08863163,0.409950495,0.062886953,0.132512569,0.001002312,0.003133059
0.013308287,0.087277889,0.372862339,0.06366086,0.131088972,0.001146317,0.003149271
0.013222456,0.08638382,0.389607191,0.06311512,0.133526564,0.001000881,0.002503633
0.014639854,0.089689732,0.429670811,0.06991601,0.131819963,0.001001358,0.003102064
0.013427496,0.088644266,0.418576241,0.061284065,0.134652138,0.001000881,0.003138781
0.013011217,0.085976362,0.374504566,0.063632965,0.131910801,0.001162291,0.003165483
0.013170242,0.090523243,0.367773771,0.061495781,0.132843733,0.000999451,0.003000259
0.015384912,0.093550205,0.378734589,0.05925703,0.145473719,0.0011518,0.004155397
0.016582727,0.092209101,0.376731634,0.067452908,0.135377407,0.001000166,0.003318071
0.014459133,0.091903687,0.418856859,0.061434269,0.13265729,0.001000643,0.003002167
0.013261795,0.131869078,0.380293131,0.062396049,0.133257627,0.001000643,0.002001286
0.013992071,0.095413208,0.374614954,0.064650297,0.131276369,0.001020193,0.003021717
0.014513969,0.108926058,0.377847672,0.061190367,0.133346319,0.002001286,0.003002405
0.014475107,0.089518785,0.412233114,0.063428402,0.135807991,0.001001596,0.003164291
0.013266563,0.088198185,0.375212908,0.081861258,0.131673574,0.002020121,0.003210783
0.017059803,0.089482307,0.380641937,0.058993816,0.131651402,0.002002001,0.004003286
0.013222933,0.087081671,0.371758223,0.069840908,0.13525486,0.001000643,0.00300169
0.014267445,0.087870598,0.373184443,0.063597679,0.13267684,0.001040936,0.003177643
0.015283108,0.090662479,0.371474743,0.062441349,0.173196316,0.001000404,0.003502131
0.015696526,0.08924675,0.378353357,0.060343981,0.133176565,0.001000881,0.00314188
0.013741732,0.088117361,0.366471767,0.064839125,0.133011341,0.001000166,0.003002405
0.014220715,0.087480068,0.372727156,0.066240311,0.133594036,0.001020193,0.003504038
0.019166231,0.096074581,0.429162025,0.061818361,0.133012295,0.001000166,0.00313735
0.014405489,0.092685699,0.376249313,0.063655138,0.135679245,0.001161098,0.003162622
0.014627457,0.08694458,0.371217728,0.064058065,0.137399912,0.001000643,0.003503084
0.016349792,0.088682652,0.378646851,0.06133914,0.135338306,0.001000643,0.003001451
0.013345718,0.089501143,0.449379206,0.06640625,0.138735771,0.002000809,0.004048109
0.015178442,0.090979099,0.379359722,0.063323259,0.136646271,0.00100255,0.003132582
0.018232107,0.093574524,0.406287909,0.065308809,0.13851738,0.001988411,0.004220009
0.014126778,0.089994907,0.384282827,0.064245701,0.135942936,0.001000881,0.004142523
0.016239166,0.088288069,0.387747765,0.064790487,0.135133266,0.001001358,0.004003048
0.014514923,0.090618372,0.41842103,0.060577154,0.132837296,0.001000881,0.003002405
0.013132811,0.087768793,0.366634846,0.060447693,0.135627031,0.00100112,0.003020525
0.014468193,0.088788271,0.384466648,0.064650774,0.133666992,0.00102067,0.003163338
0.013986349,0.093480349,0.377097368,0.063477039,0.135733604,0.001109362,0.003108978
0.014152765,0.092250109,0.415361643,0.06139493,0.134191275,0.001001596,0.003130913
0.014706612,0.090014935,0.394367933,0.062273502,0.135179281,0.00102067,0.003195524
0.015512705,0.089312077,0.380990505,0.061425686,0.13880229,0.001000643,0.002001286
0.015724421,0.090403557,0.37627697,0.063137293,0.140269041,0.001000643,0.003149033
0.013431072,0.091864586,0.415456295,0.065718651,0.133984089,0.001020193,0.003192425
0.01760745,0.087635994,0.390607595,0.059657812,0.136443853,0.001001596,0.003001928
0.015094995,0.088237047,0.378501654,0.060381174,0.135629654,0.001000643,0.003001451
0.014981031,0.090153933,0.370738029,0.06228447,0.135100365,0.002001047,0.00414753
0.014302492,0.088330984,0.367345572,0.060161591,0.134234428,0.000999689,0.003000975
0.013150215,0.087702274,0.411372662,0.059785843,0.134503126,0.001001358,0.004165173
0.015519619,0.089865923,0.403354645,0.061813593,0.135622501,0.000980139,0.002981663
0.013185024,0.092192173,0.405049801,0.066821337,0.139287949,0.001018286,0.003180504
0.015327215,0.097241879,0.452630758,0.065519094,0.154547215,0.001211166,0.005599022
0.014628649,0.090528727,0.467583895,0.065796614,0.139494658,0.001020432,0.003191471
0.014223814,0.088706017,0.412423849,0.061640263,0.142008543,0.000999689,0.003001451
0.015533686,0.09437108,0.388659477,0.06891942,0.144320488,0.001000166,0.004001856
0.014137745,0.095756769,0.38954401,0.064847708,0.14417696,0.001000166,0.005131006
0.014407635,0.093527555,0.373438358,0.066438913,0.138462782,0.002020121,0.004140615
0.017178297,0.099897623,0.431081772,0.062613249,0.145914078,0.001000643,0.003001928
0.020951509,0.096448898,0.416636229,0.06508708,0.141373873,0.001020432,0.004005432
0.015895367,0.095967531,0.387755871,0.065452337,0.14212513,0.001000643,0.003502846
0.015467405,0.108014822,0.392900229,0.063467026,0.153217554,0.001020193,0.005386591
0.014223814,0.09228754,0.470118999,0.06438756,0.148746967,0.002002716,0.005023479
0.01376152,0.093089819,0.391990185,0.063232183,0.143033504,0.001164913,0.00316596
0.01728034,0.096939325,0.398509502,0.061315536,0.152846336,0.001000643,0.003198147
0.014658689,0.091181517,0.377764702,0.062891722,0.140283346,0.000999689,0.003000498
0.013156414,0.089937687,0.418227911,0.059468031,0.1366961,0.001000166,0.00300169
0.013432026,0.088974953,0.374805927,0.065722704,0.136559963,0.001000166,0.003002644
0.014306784,0.088911057,0.379263878,0.065867901,0.1374681,0.001136303,0.003157616
0.01449132,0.098529577,0.381505489,0.064147472,0.138023853,0.001000881,0.003164291
0.013422728,0.091258049,0.372325182,0.062144756,0.138633728,0.001000881,0.003002167
0.014512062,0.090310574,0.563149452,0.062292337,0.136964083,0.002002001,0.008006096
0.0145123,0.093111992,0.386525869,0.062832594,0.1463027,0.000999212,0.004000902
0.014101267,0.093902826,0.409005404,0.074980259,0.146911144,0.002029657,0.004504204
0.015486002,0.092783928,0.406444073,0.063487291,0.146598577,0.001000881,0.00416398
0.014790773,0.09163785,0.45428586,0.068885565,0.142146587,0.00100112,0.003151894
0.016885757,0.094254494,0.400232792,0.063043356,0.148262262,0.00100112,0.003130198
0.017020464,0.099302292,0.397086143,0.062685251,0.144951582,0.000981569,0.003195047
0.014150858,0.090918541,0.373450994,0.058454037,0.145959854,0.001019716,0.00302124
0.016682386,0.089897871,0.37271595,0.060140371,0.139045715,0.00100112,0.003002167
0.014284849,0.093080759,0.412967205,0.064189672,0.137489319,0.001000643,0.003001451
0.014540911,0.086946011,0.521445751,0.059399366,0.135940075,0.0020473,0.004025221
0.014463663,0.095649481,0.412374496,0.064692497,0.14191556,0.001001596,0.003163338
0.01961565,0.103782177,0.395759344,0.060830355,0.145050287,0.002002001,0.004002094
0.039353848,0.137228489,0.449594021,0.069242239,0.144789696,0.001019478,0.00317955
0.015817165,0.090666533,0.51180172,0.06617403,0.137834311,0.001195669,0.005199671
0.014110088,0.099882126,0.444674492,0.069362164,0.181561232,0.001001358,0.003002167
0.014198542,0.086953878,0.372745275,0.062319279,0.139496326,0.002188683,0.004210949
0.016679049,0.092963457,0.431592464,0.06654048,0.147637606,0.001000643,0.003504038
0.014516354,0.085587263,0.377118587,0.065409184,0.139512062,0.001000881,0.003151894
0.012377739,0.087084532,0.375266075,0.059332609,0.137848139,0.001020193,0.003021955
0.01351285,0.089659691,0.365322351,0.062343359,0.137121201,0.001000881,0.003000975
0.015352249,0.089407682,0.368883371,0.057043314,0.138070822,0.001147032,0.003168106
0.015404224,0.085494518,0.417708874,0.060707092,0.137639761,0.00112915,0.003150225
0.014511824,0.090559244,0.371507645,0.059845924,0.138482571,0.001001835,0.00400281
0.0141294,0.090844393,0.392462015,0.063644171,0.134898424,0.001013041,0.003013849
0.016198635,0.086881161,0.39260602,0.064350367,0.137583494,0.001000881,0.003002882
0.015578985,0.08949399,0.420219898,0.064377308,0.140515804,0.002002001,0.00400281
0.017662048,0.090551376,0.366857767,0.058277845,0.14048624,0.001186609,0.003189802
0.016514301,0.091251612,0.376698017,0.059181929,0.151378155,0.002021551,0.003136158
0.017740488,0.08601141,0.396526575,0.060115814,0.139086485,0.000999689,0.003000259
0.01415205,0.089930534,0.373837709,0.06221199,0.139346361,0.002000809,0.004002571
0.018526554,0.122021198,0.588114738,0.078284502,0.139908791,0.001000404,0.003002167
0.020362854,0.124734402,0.455662251,0.068444967,0.156784534,0.002044439,0.004314184
0.014513969,0.090367794,0.393018246,0.063719988,0.149260998,0.00100112,0.003002644
0.022043943,0.097621441,0.700788975,0.089072704,0.147954702,0.000999451,0.003000736
0.029977798,0.112632275,0.482192278,0.082801342,0.145064592,0.001190424,0.004493237
0.015158653,0.105800152,0.467370749,0.086466789,0.205010653,0.000999928,0.004002094
0.013490677,0.113266706,0.398443699,0.058319807,0.207278013,0.001019716,0.003170013
0.023373842,0.176657677,0.610220194,0.090914965,0.183714867,0.00100112,0.005003929
0.023911715,0.113011599,0.526456833,0.138608217,0.201711655,0.001000643,0.003167152
0.023725033,0.191884756,0.392551184,0.077124596,0.177263737,0.001000643,0.003502369
0.016863108,0.100315094,0.426996469,0.064651966,0.161832094,0.00101757,0.004227161
0.025374174,0.116605282,0.602074862,0.066157579,0.163579464,0.001208305,0.007925987
0.027078867,0.133744717,0.607604742,0.084917068,0.224861145,0.001174688,0.00317955
0.023238897,0.141652107,0.85349822,0.070166111,0.19822526,0.001999617,0.006451368
0.032655239,0.215940714,0.434285879,0.091210604,0.327534914,0.001002789,0.003207207
0.015818596,0.09731698,0.789061546,0.064772606,0.164137602,0.003798485,0.006800652
0.024712563,0.141358852,0.470515966,0.079894066,0.23661232,0.001250982,0.004235983
0.016438961,0.091200352,0.442997932,0.062914371,0.14417243,0.001145124,0.004167557
0.014009714,0.099844217,0.372065783,0.060301065,0.148234129,0.001004219,0.003149748
0.015087128,0.091115475,0.384195328,0.064409971,0.141194582,0.002040625,0.00412941
0.014625311,0.091073751,0.396774769,0.064154148,0.148694992,0.002021551,0.004144669
0.013954878,0.087321758,0.478020668,0.060590267,0.142799616,0.001000166,0.004341841
0.020629168,0.117318392,0.652098656,0.070991755,0.186218977,0.001151085,0.003172159
0.016385794,0.116778612,0.486994267,0.068973064,0.218266726,0.002002954,0.00316143
0.017037868,0.098417759,0.430480719,0.103004456,0.153486729,0.001019955,0.003150225
0.014786482,0.091216326,0.380884886,0.061704159,0.142235994,0.001144648,0.003165483
0.01794672,0.09058547,0.419090033,0.061341286,0.145894289,0.001001835,0.003142118
0.014946222,0.091886282,0.377631664,0.064875603,0.144999027,0.00100112,0.004002094
0.016221285,0.098729849,0.379258633,0.061119318,0.14417243,0.001018524,0.003185034
0.014170647,0.089439154,0.387297392,0.064798355,0.139113665,0.002022028,0.004004717
0.016548634,0.092296839,0.421363592,0.059637785,0.141477346,0.002000332,0.006204605
0.015355587,0.091295242,0.367878199,0.063142061,0.145354271,0.00100112,0.003001928
0.014301777,0.09223485,0.386049509,0.066894531,0.143666029,0.001020432,0.00302124
0.014321089,0.092974901,0.388304472,0.061222076,0.138642073,0.001503229,0.004505396
0.01516819,0.087607384,0.370880604,0.062108278,0.13908267,0.00101757,0.003019094
0.015285969,0.089749336,0.435630798,0.06243372,0.146702766,0.00114131,0.003161907
0.017356634,0.087970018,0.376726627,0.060546398,0.144476175,0.001003504,0.003002167
0.014274836,0.088897228,0.371784925,0.061065197,0.139488459,0.001020193,0.003142595
0.016796112,0.088362694,0.371436357,0.060979605,0.139214277,0.000999928,0.003000975
0.014183283,0.090692759,0.438151598,0.062704325,0.139411688,0.001001596,0.003002167
0.015132904,0.088810921,0.370734692,0.060332537,0.136812449,0.001153946,0.003154516
0.016458273,0.091000795,0.374446869,0.06414485,0.140934944,0.001000643,0.003002644
0.014680386,0.089722157,0.372971058,0.064322948,0.14131093,0.001184702,0.003205299
0.014045238,0.088020086,0.434748173,0.063015938,0.13821435,0.001001358,0.004143
0.014750481,0.094563723,0.376819134,0.064537525,0.146189928,0.001001358,0.003002167
0.016709089,0.089628696,0.375151634,0.062420607,0.14015317,0.002000809,0.003149509
0.016185045,0.090050697,0.38120842,0.061159849,0.14049387,0.001000643,0.00315237
0.0132761,0.089271069,0.384953976,0.061001539,0.141196489,0.001000881,0.003167152
0.01519084,0.089416742,0.414325237,0.061659575,0.158434153,0.001001358,0.003185272
0.013539553,0.090634823,0.37717104,0.061308622,0.144852638,0.001019955,0.003145456
0.015859842,0.088250637,0.375368834,0.058739424,0.140617371,0.001000881,0.003002167
0.014329195,0.094278812,0.370449305,0.062205553,0.1393888,0.001000643,0.00300169
0.014273882,0.088201761,0.415220499,0.059571981,0.148338079,0.00100112,0.00300169
0.01330471,0.089908123,0.385302782,0.05995059,0.139290333,0.001153231,0.003156424
0.013482094,0.088225365,0.362967253,0.063655853,0.139415264,0.001158237,0.00316143
0.014192343,0.088078499,0.370522261,0.06393218,0.144361019,0.000992537,0.002992153
0.014888287,0.086944103,0.378109694,0.065586567,0.138607979,0.001501083,0.003502846
0.014541864,0.087534666,0.418821573,0.062607288,0.142228127,0.001000643,0.003133535
0.015812159,0.092876911,0.375216722,0.06671834,0.142413855,0.001171589,0.00319314
0.014616966,0.089357853,0.376719952,0.062365532,0.142147541,0.002001762,0.003002167
0.016131163,0.089822769,0.40748024,0.067033291,0.139401436,0.001121998,0.003143549
0.016499043,0.089871168,0.418123245,0.066556454,0.140529871,0.001020193,0.002020121
0.016603708,0.107192993,0.373322725,0.059851885,0.140689373,0.001001358,0.003002167
0.014355659,0.090608358,0.375888824,0.06592679,0.138899088,0.001192093,0.00321269
0.016198874,0.089941978,0.364525318,0.059503794,0.141302347,0.001000643,0.003145218
0.015298367,0.087910652,0.414156199,0.05901432,0.14000082,0.000999689,0.003163815
0.014672756,0.093490124,0.370638132,0.059374094,0.15461278,0.001000643,0.002999783
0.016347885,0.090770245,0.372613668,0.059391737,0.141738415,0.001182079,0.003185272
0.015515804,0.089226246,0.403868198,0.062556028,0.139753342,0.001119137,0.003139973
0.015882969,0.089501619,0.437139511,0.06022644,0.141676188,0.00100112,0.003148317
0.01557374,0.087739706,0.418342113,0.060077667,0.138349533,0.002002716,0.004190445
0.014513254,0.088675737,0.384530306,0.063060522,0.145647049,0.001000166,0.003158331
0.015352726,0.102902651,0.382545471,0.06332159,0.146803379,0.001000643,0.003212214
0.015053272,0.089590549,0.393388748,0.05987978,0.14184165,0.001020193,0.003021479
0.015439749,0.09096694,0.432198763,0.058269739,0.143351555,0.001017809,0.00301981
0.016303062,0.091418505,0.370254278,0.061238527,0.142771721,0.001020908,0.00302124
0.016894817,0.103181601,0.367567062,0.05630064,0.141118288,0.00100112,0.003502607
0.014443874,0.086127043,0.37407732,0.05978322,0.14122653,0.001163006,0.003253937
0.013449192,0.089381456,0.374937057,0.061882973,0.141788483,0.001000643,0.004181862
0.014131069,0.089896679,0.37195015,0.061853409,0.182737827,0.001000166,0.003502131
0.01313591,0.090290546,0.371868134,0.062559366,0.138183117,0.001000643,0.003002882
0.013350487,0.089296103,0.372532368,0.059439182,0.140663862,0.001020193,0.003119707
0.014291763,0.091510534,0.378677368,0.061216831,0.165232658,0.001123667,0.003144503
0.017775297,0.092109919,0.410536289,0.063174248,0.140419006,0.001000881,0.003001928
0.013182402,0.088522673,0.37538743,0.060595036,0.140882015,0.001500607,0.003502369
0.01323843,0.088749409,0.376217127,0.066780329,0.139939308,0.001543522,0.004045963
0.016355276,0.092700958,0.39208746,0.063744307,0.143337965,0.001519918,0.003521919
0.013398409,0.08804822,0.414035082,0.064800739,0.141439676,0.001000166,0.003001928
0.013425589,0.089484692,0.373895168,0.059636593,0.141261816,0.00100112,0.004146814
0.015174866,0.090663195,0.369413614,0.061307907,0.140141964,0.001000643,0.003502846
0.014145374,0.090078831,0.393623352,0.065820694,0.140695572,0.001019955,0.004021883
0.014295816,0.087938786,0.382764816,0.057575464,0.138688564,0.001000881,0.003634691
0.014466763,0.08914876,0.433126926,0.067329407,0.142278194,0.001019955,0.003164768
0.014184952,0.088730335,0.379710674,0.059428692,0.140944481,0.001019955,0.003135443
0.013484478,0.089760542,0.367771149,0.063122988,0.142576218,0.001020432,0.003022671
0.013154268,0.089107037,0.370019913,0.061520576,0.139950037,0.000883818,0.003386736
0.01436162,0.089031696,0.419624567,0.06133914,0.146931648,0.001001596,0.003002644
0.016250372,0.087248564,0.372848988,0.064348936,0.139211893,0.001000643,0.003144264
0.014565229,0.091656685,0.369161844,0.058746815,0.140577555,0.001500368,0.003502369
0.014146566,0.09452796,0.379027128,0.058884382,0.138500452,0.001500607,0.003002167
0.013179541,0.088405371,0.437465191,0.064996243,0.138430595,0.001001835,0.00298214
0.014677286,0.092371464,0.378329754,0.060292006,0.142570257,0.001001358,0.003385782
0.014289379,0.090047121,0.376147032,0.061994314,0.141177654,0.001020908,0.004022598
0.016675472,0.089668274,0.387790918,0.07369709,0.140571356,0.001161098,0.003164768
0.013669491,0.089041233,0.399006367,0.061718941,0.143182039,0.001020432,0.003021479
0.014496088,0.087541103,0.412168264,0.061328173,0.142537594,0.002001047,0.005005121
0.015493631,0.088702679,0.369390488,0.067518711,0.14222312,0.001000643,0.003002167
0.014659405,0.087930441,0.366270542,0.060321808,0.140299559,0.001137257,0.003138304
0.016378641,0.088564873,0.374030828,0.062768698,0.142016888,0.001001596,0.003196239
0.014410973,0.085617065,0.407818556,0.063428164,0.140727282,0.001983643,0.003983259
0.01501298,0.089068651,0.36967659,0.063644409,0.140045643,0.001000166,0.00300169
0.013297558,0.088668823,0.37787199,0.060856819,0.139951944,0.001000404,0.003001451
0.015300274,0.089247704,0.371381283,0.06356144,0.144941807,0.002020597,0.003142834
0.01573205,0.0919168,0.387032986,0.061064243,0.140041351,0.001002312,0.00300312
0.013274193,0.088723183,0.43527627,0.061706543,0.147072077,0.001019478,0.003180504
0.014596939,0.093046665,0.380910635,0.06414938,0.147019863,0.00100112,0.003002167
0.014439583,0.088593245,0.388363123,0.061898708,0.141830444,0.001018763,0.003020525
0.01514554,0.087133884,0.373146057,0.077531099,0.14198494,0.001000166,0.00316453
0.01312542,0.090946674,0.418041229,0.062369108,0.140706301,0.000501156,0.002658129
0.0163095,0.099710226,0.381119013,0.103870392,0.157160044,0.002020121,0.003020287
0.014122725,0.08912468,0.397274256,0.062427521,0.142228603,0.00099802,0.003133774
0.014411688,0.090765953,0.372412443,0.061802864,0.175697803,0.001019955,0.00302124
0.013643265,0.089410067,0.419086933,0.060219765,0.148720503,0.001000643,0.003284216
0.013723135,0.090823889,0.389928341,0.060479879,0.142292261,0.001000881,0.003002167
0.014117718,0.09112215,0.393691063,0.066248655,0.140177727,0.00102067,0.003021717
0.015150309,0.102147102,0.379191399,0.06306386,0.141322136,0.002002001,0.00400281
0.017175436,0.089437962,0.423537016,0.061415911,0.146384478,0.001000881,0.003525257
0.015249014,0.089881659,0.413853407,0.067781687,0.143596649,0.001020908,0.003021479
0.016871691,0.087629318,0.380729437,0.060760498,0.1414783,0.001001596,0.003181696
0.0173769,0.093307018,0.380532503,0.061460733,0.146014452,0.001000643,0.003134966
0.01430583,0.089505672,0.369326591,0.060827971,0.143767595,0.001018524,0.00301981
0.017194271,0.088288307,0.422086954,0.061359167,0.141241789,0.002001762,0.00402236
0.014631987,0.090011597,0.369057655,0.06065011,0.141213417,0.00100255,0.005319595
0.013272524,0.093360901,0.368798733,0.061159849,0.164552927,0.00100112,0.00300312
0.013222694,0.089810133,0.378092289,0.069385529,0.148880482,0.001147985,0.003169298
0.015497923,0.096340656,0.371628523,0.060673475,0.141466379,0.001020432,0.003021955
0.014160633,0.091285944,0.409659863,0.065490961,0.142664194,0.001000643,0.00300169
0.013660431,0.091784239,0.365279675,0.057677269,0.139979124,0.001000643,0.003002167
0.015401363,0.088347912,0.363550901,0.063158274,0.140690565,0.001501083,0.00400281
0.013451338,0.09008646,0.372215033,0.063970089,0.141512871,0.001116276,0.003138781
0.013400078,0.084578991,0.422398806,0.065866947,0.141730309,0.001000166,0.003143787
0.015527487,0.093170643,0.382320642,0.059040308,0.140440464,0.001000166,0.002163172
0.014407873,0.088199615,0.382856131,0.06194663,0.144103765,0.001000643,0.003002644
0.015650749,0.087631226,0.381216526,0.063530684,0.14464736,0.001000166,0.003002167
0.01570797,0.091454744,0.420423508,0.062557459,0.143620491,0.00102067,0.004176855
0.014665365,0.090681553,0.410912275,0.062658548,0.140535593,0.001000881,0.00300169
0.016509295,0.0879426,0.368047953,0.062177181,0.146335125,0.001002073,0.003166676
0.013680696,0.104820013,0.372599602,0.061562777,0.142473221,0.000983477,0.003285408
0.013300896,0.090102196,0.376466274,0.06584096,0.141983986,0.001000643,0.003003359
0.013738155,0.092661142,0.411987782,0.060404062,0.141508579,0.001001358,0.003002167
0.015398502,0.090548754,0.369593382,0.063824415,0.14135623,0.001001596,0.003139973
0.016795635,0.0877707,0.368060589,0.057908058,0.143002748,0.001000643,0.00300169
0.013514996,0.090087891,0.379412651,0.057543993,0.142205238,0.001000643,0.003002167
0.015396833,0.08989501,0.419608593,0.057680368,0.142205715,0.001000643,0.003208637
0.015129328,0.089509249,0.371520519,0.060302973,0.143264055,0.00102067,0.003021717
0.015013218,0.087652445,0.370477676,0.06169343,0.14151907,0.000999689,0.00317049
0.015165567,0.099760771,0.372533798,0.060946226,0.144573212,0.001000643,0.004865408
0.016014338,0.08940196,0.387150526,0.059865236,0.152362108,0.001000881,0.004162312
0.014513016,0.086747885,0.41227746,0.064795256,0.142037153,0.002021313,0.004022837
0.01420927,0.089645624,0.374413252,0.060213089,0.141427517,0.001000643,0.003002167
0.01466465,0.088478804,0.372648478,0.063630819,0.143352509,0.001000404,0.003502369
0.014924288,0.087069035,0.391762733,0.06067872,0.141843081,0.001000643,0.004024744
0.016353607,0.086916208,0.409815073,0.062880516,0.143969774,0.00200057,0.004002571
0.016201735,0.090816498,0.38836503,0.061320305,0.144536018,0.001000404,0.003002644
0.014265537,0.089355946,0.374291182,0.064095497,0.14302969,0.001000166,0.003001928
0.013228655,0.088602781,0.368579626,0.061106205,0.1414361,0.000858545,0.002860308
0.017550707,0.088335514,0.419442654,0.059436798,0.147983074,0.001128912,0.003149986
0.013491631,0.093226194,0.372992277,0.061009407,0.165761232,0.001149893,0.003170013
0.014740229,0.096118927,0.376320362,0.061232328,0.14318037,0.001001358,0.003150225
0.014678001,0.09220171,0.36694932,0.06061697,0.148221731,0.000998974,0.00300169
0.015234232,0.089848518,0.370274305,0.059677124,0.141350985,0.001146317,0.003149509
0.015674591,0.096665859,0.424441576,0.062937737,0.143973827,0.001224041,0.003227711
0.015927076,0.089761734,0.36864233,0.057873487,0.14282155,0.00112772,0.003149033
0.014905691,0.091444254,0.36780405,0.059346199,0.144347429,0.001000166,0.004169464
0.014299154,0.089436293,0.370852947,0.063663483,0.144394875,0.001001835,0.003002167
0.015400171,0.088668346,0.440973282,0.063275814,0.142441273,0.001000643,0.003153563
0.014314175,0.089249134,0.37552619,0.058422565,0.142978907,0.001020908,0.003021955
0.014891386,0.091174364,0.376722097,0.068224192,0.148920536,0.001000643,0.003163576
0.013520956,0.094631195,0.382217169,0.062556982,0.142832518,0.001000166,0.003002167
0.014175415,0.089144945,0.372897387,0.063675642,0.140654802,0.00100112,0.004003763
0.014327526,0.093824387,0.361434698,0.063442945,0.184203863,0.000999689,0.003000975
0.015136957,0.090492487,0.36459446,0.063354015,0.156531811,0.001020193,0.003141642
0.013452291,0.089911222,0.367567778,0.061499834,0.141808033,0.001128435,0.00313139
0.015180588,0.084637642,0.375319719,0.057120085,0.144744396,0.002005816,0.005003691
0.014410973,0.086411476,0.419185877,0.064601183,0.141463041,0.000999928,0.003159046
0.013139963,0.090646744,0.394417048,0.066810369,0.142773867,0.000998974,0.002999783
0.016197681,0.091507435,0.373287678,0.061024666,0.146629333,0.002000332,0.00300169
0.013565302,0.090536356,0.368634939,0.062478542,0.141601086,0.000109911,0.003238201
0.013181448,0.088206768,0.426475763,0.06721282,0.141711712,0.001021624,0.003137112
0.015785456,0.087890863,0.38589859,0.06245327,0.144594431,0.001018047,0.003018856
0.015152216,0.088752508,0.368663073,0.059665918,0.144114256,0.001019001,0.003020287
0.015348434,0.093487501,0.364644527,0.059209585,0.148643494,0.001154423,0.003157616
0.01546216,0.086482286,0.371487141,0.060858727,0.143224478,0.001000166,0.003204107
0.013392448,0.090702295,0.410736084,0.065019369,0.14256835,0.001500368,0.003502131
0.014872551,0.086913347,0.366701603,0.059232712,0.140638113,0.00100112,0.003126144
0.014294147,0.088537931,0.371203423,0.059143066,0.147353411,0.001001835,0.003002644
0.015765905,0.087526798,0.376245022,0.060399294,0.146677732,0.001000881,0.003121853
0.013507843,0.089390039,0.410635471,0.061036348,0.147135019,0.001001835,0.003144979
0.01326704,0.092639208,0.372901201,0.061332703,0.14590621,0.001001358,0.00400281
0.01546073,0.088845253,0.389561653,0.059996605,0.143170834,0.002001524,0.003150702
0.016736031,0.091692686,0.365065098,0.064754009,0.146050215,0.001000404,0.003022194
0.016461611,0.087538719,0.414855719,0.063479185,0.145413876,0.001017809,0.00301981
0.016335964,0.08756423,0.37683177,0.07524395,0.142103434,0.001003265,0.003004789
0.014364481,0.094267607,0.393631458,0.06344986,0.143848658,0.001189709,0.003193855
0.013494015,0.089412928,0.367571354,0.063276291,0.144536257,0.001000166,0.003502131
0.014145136,0.092127562,0.375589132,0.064083576,0.140634298,0.001389265,0.003391027
0.014332533,0.098407984,0.412961483,0.064035892,0.143520594,0.001983166,0.003985167
0.015172005,0.089792967,0.372028828,0.059016466,0.141176224,0.001019955,0.003179073
0.015894175,0.086513042,0.37520647,0.060259581,0.142707586,0.001500845,0.002588511
0.015855074,0.08777523,0.40516758,0.060786486,0.145685196,0.001001835,0.004002571
0.014446974,0.091468811,0.416702271,0.062571049,0.143190145,0.001000166,0.003001928
0.014032841,0.087430954,0.371022224,0.061500072,0.142967463,0.001000643,0.003002405
0.015681267,0.087990284,0.372041941,0.061151505,0.144055605,0.00100112,0.003002167
0.014163971,0.090809584,0.38924098,0.059318304,0.144701004,0.001021862,0.003022432
0.014442205,0.088158607,0.386115789,0.061697245,0.145652056,0.001000643,0.003160238
0.018018723,0.089846849,0.411252975,0.059165239,0.144556284,0.001000881,0.003149748
0.014013767,0.090583801,0.375767469,0.061215162,0.143971443,0.001023293,0.004022121
0.017519474,0.089367151,0.377453327,0.059273005,0.142081976,0.001000404,0.003001928
0.014014721,0.091453314,0.368944883,0.086863279,0.144222498,0.001003265,0.003083467
0.014381409,0.089763165,0.43042922,0.061373711,0.14862752,0.001000643,0.003178596
0.014558077,0.092051268,0.372816801,0.058002234,0.148755789,0.000999689,0.003001213
0.014728308,0.089391232,0.368153811,0.059606552,0.142443657,0.001000643,0.003002167
0.016038895,0.090672016,0.367918968,0.055930138,0.141721487,0.001018763,0.004021883
0.012677193,0.090578079,0.428459167,0.061278582,0.142174482,0.001236916,0.002257109
0.015405655,0.088958025,0.370821238,0.059923172,0.142399311,0.001019955,0.00304389
0.013267279,0.091552019,0.366832495,0.061537981,0.143803358,0.00100112,0.003137112
0.01532197,0.087346077,0.372848511,0.060795784,0.142640352,0.001523733,0.003501892
0.014342546,0.092763662,0.370910168,0.059970379,0.143853664,0.001001358,0.00313592
0.015309334,0.095165014,0.428192377,0.060850382,0.149311781,0.00100112,0.003002644
0.013280869,0.090854883,0.38156414,0.060570717,0.14198041,0.001013994,0.003134489
0.013370514,0.091237307,0.373545647,0.06207633,0.163161755,0.00100255,0.003143549
0.015155077,0.090856791,0.380120039,0.059242487,0.16809988,0.001020193,0.003149748
0.015085936,0.09164238,0.422583342,0.061778069,0.162895918,0.000999689,0.003293037
0.013461828,0.089849472,0.389722347,0.060545444,0.141400099,0.001500607,0.003505468
0.015200615,0.088079929,0.361360073,0.059234858,0.142955542,0.001019955,0.004005194
0.014247179,0.089402914,0.369128227,0.063475847,0.146264553,0.001021147,0.003134251
0.013934374,0.088625908,0.369553566,0.05672884,0.145046234,0.001146793,0.003149509
0.014008522,0.093784332,0.407976866,0.061345816,0.14899683,0.00118494,0.003206015
0.014118671,0.089340687,0.37670064,0.057684422,0.143039227,0.001020908,0.003022909
0.013650179,0.091789961,0.369331121,0.062175751,0.143901825,0.001021624,0.003022909
0.017676115,0.086500645,0.369318008,0.061091423,0.149662733,0.00115037,0.003153324
0.013509274,0.089461803,0.421224117,0.064980507,0.158386946,0.001001358,0.003002644
0.01559186,0.101667881,0.399765253,0.062140703,0.140951157,0.002002716,0.004132271
0.013704538,0.089511633,0.366861343,0.064657688,0.145368338,0.001019955,0.00302124
0.015122175,0.090028763,0.37590003,0.062282324,0.144170046,0.001000166,0.003002167
0.014205456,0.088220358,0.418356895,0.059377432,0.147163153,0.002001047,0.004003048
0.015463114,0.087479591,0.380675554,0.06113863,0.142818928,0.000990629,0.003129005
0.013375759,0.090251684,0.376222134,0.059507847,0.144470692,0.001002073,0.00312829
0.014692307,0.08949399,0.384837151,0.063178062,0.147463799,0.00100112,0.003002167
0.013199806,0.089925289,0.372770548,0.061356306,0.141190767,0.001502514,0.003522873
0.014142513,0.089052677,0.405139685,0.063541651,0.141673326,0.001000643,0.00315547
0.018498421,0.087727785,0.370715618,0.057528496,0.141368389,0.001001835,0.00319171
0.019045353,0.091213703,0.373927832,0.087153673,0.143533945,0.001177311,0.00219655
0.014714003,0.088257551,0.373015404,0.060714483,0.16147995,0.002001524,0.00300169
0.014373302,0.088832378,0.414823294,0.059020042,0.148686647,0.000999451,0.004000664
0.016789436,0.092752695,0.372255087,0.060036421,0.142884493,0.001161337,0.003182411
0.013995886,0.089592457,0.386914492,0.063329458,0.141876221,0.001001358,0.00519228
0.013787508,0.095690012,0.37135911,0.060070753,0.148899794,0.002002716,0.003003836
0.014490128,0.087362766,0.373403311,0.062131643,0.144770145,0.001166344,0.003187418
0.01486063,0.091806412,0.423433542,0.060919762,0.141568661,0.000999212,0.003170013
0.014404058,0.089434385,0.404132366,0.058184624,0.143447638,0.001000404,0.00300169
0.015318394,0.088505507,0.370946646,0.064844608,0.144271612,0.001000643,0.00300169
0.016341448,0.088748455,0.383581161,0.066520929,0.148293972,0.001131296,0.003674269
0.014145851,0.090066433,0.415729523,0.060549259,0.143737793,0.001000881,0.003002405
0.014391184,0.088911057,0.387580872,0.056843758,0.154194355,0.001002073,0.003219128
0.014297247,0.090869188,0.373004436,0.06146884,0.141856432,0.001001358,0.003002167
0.015870571,0.106761694,0.364429712,0.064208031,0.143507481,0.001505375,0.003506899
0.013255596,0.087920427,0.421895504,0.064650774,0.143472672,0.001000881,0.004000902
0.014137268,0.089660645,0.368890762,0.061655998,0.142477274,0.002000809,0.00400281
0.015252829,0.086886168,0.378992796,0.06315732,0.143029928,0.000517845,0.002537966
0.013189554,0.089100122,0.393130302,0.058255672,0.14278841,0.002002001,0.004148006
0.014719963,0.09365797,0.367513418,0.064707041,0.149420261,0.001020432,0.003021479
0.014439344,0.089219809,0.423840284,0.064498186,0.144637585,0.002003193,0.003003836
0.016708851,0.091622829,0.409142494,0.060848951,0.142593861,0.001000643,0.003002644
0.016324043,0.088645458,0.36639595,0.062564611,0.147350073,0.000999928,0.003000259
0.014369011,0.091755152,0.373004913,0.062968969,0.162114859,0.002001524,0.004153252
0.015672684,0.091807842,0.418513298,0.066214085,0.14459157,0.000999928,0.003162146
0.014437199,0.085658789,0.370909452,0.062547445,0.142821074,0.001000166,0.003501892
0.015287161,0.087863445,0.362002134,0.062086821,0.144136429,0.001019716,0.003020763
0.016253948,0.089783907,0.370066166,0.058226824,0.146242142,0.002002478,0.004004002
0.014492512,0.088165283,0.365255833,0.057654142,0.142529249,0.00100255,0.003153801
0.013576269,0.08936286,0.410322905,0.061803341,0.149941206,0.001021385,0.003148556
0.014994621,0.089425802,0.370495796,0.060305834,0.146425247,0.001000643,0.003001928
0.016217709,0.090181112,0.366324902,0.063518524,0.161864281,0.001000881,0.004003048
0.01414752,0.090534449,0.384564161,0.06242609,0.158013582,0.001000643,0.002194643
0.015549898,0.091825724,0.421901941,0.064587355,0.147220373,0.002000809,0.004163504
0.013284922,0.090173721,0.3769207,0.063432217,0.144588232,0.001000881,0.00312376
0.014512539,0.089722157,0.384890318,0.059403181,0.143330336,0.00150156,0.003619432
0.016997576,0.088954687,0.372045279,0.060021877,0.143769264,0.00099659,0.002998352
0.020330429,0.089277267,0.41999507,0.071637154,0.144417763,0.001000643,0.003001451
0.016192913,0.089168787,0.376870632,0.05982542,0.142123222,0.001000643,0.003001451
0.015147448,0.097657919,0.367661953,0.061739206,0.145142078,0.001013041,0.003013849
0.013445377,0.090327978,0.368752956,0.060529947,0.142589808,0.00117588,0.003196001
0.017018557,0.090746164,0.36446476,0.060047865,0.143632889,0.001023054,0.003023624
0.014429569,0.085429668,0.436810493,0.058995247,0.142448425,0.00135541,0.003376007
0.016792774,0.087886333,0.365369081,0.060842514,0.143476486,0.002021074,0.003021479
0.014528275,0.087449551,0.36970067,0.058202982,0.153460741,0.001003027,0.003003836
0.014485121,0.08821249,0.372661352,0.061467171,0.14218545,0.001000881,0.003501415
0.014594555,0.087435484,0.418671608,0.061616182,0.146985769,0.002189875,0.004193306
0.013517141,0.093942165,0.378596783,0.06571126,0.148377419,0.000999451,0.002999783
0.016798496,0.085863829,0.382871151,0.060558319,0.142804384,0.001002073,0.004003286
0.014160156,0.089215279,0.375392914,0.061389685,0.145459652,0.001144648,0.003147364
0.014566183,0.0903368,0.374893904,0.061676264,0.144030333,0.001112461,0.003133774
0.014230728,0.091509342,0.394253969,0.068581581,0.188839436,0.001018047,0.002170801
0.013443708,0.09352231,0.377472639,0.057970285,0.141964436,0.001020432,0.003021955
0.014347792,0.094985723,0.370985508,0.060154438,0.145489216,0.001021385,0.003021955
0.015677691,0.087702513,0.378223419,0.060422897,0.148699522,0.000177383,0.003199577
0.014730215,0.088100195,0.406335115,0.06151557,0.144251823,0.00100112,0.00316906
0.014328718,0.089819431,0.370340109,0.063505411,0.144579887,0.00100112,0.003136873
0.014798641,0.087239742,0.36468029,0.059029579,0.146789312,0.00100112,0.003000259
0.014513969,0.091322184,0.369525433,0.058245659,0.142266035,0.001020908,0.003022194
0.01536727,0.08775425,0.421251774,0.061020613,0.144295692,0.001003027,0.003003836
0.017386198,0.087679386,0.376180649,0.061406374,0.143788815,0.001000643,0.003145218
0.014487505,0.094914913,0.385329485,0.062611341,0.144240618,0.00100112,0.004159689
0.016161919,0.090353966,0.371830702,0.064882994,0.148092031,0.001000643,0.003001451
0.013139009,0.093713522,0.381006718,0.061496496,0.149360418,0.001193523,0.003213644
0.017477512,0.10175705,0.411407709,0.062296629,0.153071642,0.00119257,0.003191948
0.01471734,0.088106871,0.392853022,0.060050964,0.143623114,0.001001596,0.003503323
0.014117956,0.089448214,0.373655796,0.058115005,0.14544487,0.001186848,0.004229784
0.013137817,0.091766596,0.369467735,0.0631392,0.166570902,0.001135349,0.003138304
0.015454769,0.088307142,0.407108784,0.059871674,0.145756483,0.001021147,0.003040075
0.013589621,0.090340614,0.366652727,0.064125299,0.142613173,0.00100112,0.003002644
0.013117075,0.09108448,0.370665312,0.062284946,0.14574337,0.001019716,0.00302124
0.014279842,0.089566708,0.383437157,0.062958002,0.145225763,0.00100112,0.003172398
0.015321255,0.09047246,0.367722511,0.061104536,0.14216733,0.001020432,0.003135681
0.014430761,0.088440657,0.36503458,0.058814049,0.189880133,0.001128197,0.003149271
0.015503407,0.08885169,0.39986515,0.059561253,0.142455578,0.001000166,0.003002167
0.023332834,0.0937078,0.386199236,0.066768646,0.143732071,0.000995874,0.00299716
0.013158083,0.087137461,0.376348734,0.058686256,0.145862103,0.001000166,0.003001928
0.015341043,0.090554953,0.412634134,0.064066648,0.142910957,0.000994921,0.003159285
0.014496088,0.089734793,0.386889458,0.060200691,0.162857533,0.001019001,0.004217148
0.013963223,0.094691992,0.405870914,0.059561014,0.145881891,0.001122713,0.003143549
0.014287472,0.0891397,0.372154236,0.062277794,0.148072004,0.001000643,0.00300169
0.014341831,0.091845751,0.425900459,0.061444521,0.144742489,0.001000166,0.002001286
0.013123274,0.092457771,0.384055614,0.061003923,0.142352104,0.00116086,0.004162312
0.015417099,0.091827154,0.367208719,0.060477018,0.148157835,0.001003265,0.004149914
0.016350746,0.086766481,0.366143227,0.063548565,0.142383575,0.001138687,0.00300622
0.013357878,0.089428186,0.367756367,0.090542555,0.146080256,0.001020193,0.003022194
0.014511347,0.091431856,0.417614937,0.060151577,0.144374847,0.001141548,0.003145456
0.015256405,0.091175556,0.367093563,0.061810732,0.146152735,0.001019955,0.003021479
0.015357018,0.088203907,0.370851755,0.060165167,0.146288395,0.001000404,0.00300169
0.013241529,0.089871168,0.390013456,0.064286947,0.142490625,0.00102067,0.003153563
0.015534639,0.094820499,0.414598227,0.058240414,0.147827387,0.002279997,0.004301548
0.015163183,0.090752602,0.557164431,0.077842712,0.148621082,0.00100112,0.003503323
0.023468018,0.128273487,0.512725592,0.104614973,0.159686089,0.001000166,0.003502131
0.024016857,0.178411484,0.693135023,0.106576681,0.18592906,0.002000332,0.005503893
0.023267269,0.166959286,0.426394224,0.09390521,0.247862816,0.001119852,0.004245758
0.013382196,0.087958336,0.390832186,0.067472219,0.142062187,0.000999689,0.004312992
0.016220093,0.101512671,0.380485773,0.062464952,0.146067381,0.001000643,0.003002167
0.016170502,0.087022781,0.379575729,0.058692455,0.145468712,0.001000643,0.003167391
0.015372276,0.091725349,0.369766474,0.061649323,0.143161297,0.000999689,0.003167152
0.01529026,0.090727568,0.420039415,0.061087608,0.143503189,0.001162291,0.002182245
0.013165951,0.087449312,0.368385315,0.066378355,0.141370773,0.001137018,0.003158331
0.016231775,0.087968111,0.367175102,0.060575485,0.14707303,0.00100112,0.00300312
0.015340328,0.090157747,0.377975225,0.063906908,0.147910833,0.00100112,0.003002405
0.015434742,0.087515354,0.422157288,0.060522079,0.149584055,0.001000643,0.003002644
0.015736341,0.099421263,0.425076485,0.059093714,0.230919123,0.002283335,0.006457567
0.014566183,0.100319147,0.368482113,0.060540676,0.199581623,0.001114607,0.003135443
0.01384449,0.108455658,0.378275871,0.06093502,0.145559788,0.001001358,0.00400281
0.014816523,0.092393637,0.378739834,0.061166286,0.16211319,0.000998735,0.004020452
0.014791965,0.08796978,0.408963919,0.057394505,0.142572641,0.001000643,0.003001928
0.015129566,0.090199947,0.371846676,0.061519623,0.142887354,0.00100112,0.003502131
0.015522718,0.092358112,0.36946702,0.062544584,0.1471138,0.00100112,0.00300312
0.014360905,0.088265657,0.365832806,0.059112549,0.145042896,0.001000881,0.003216028
0.015215397,0.086768627,0.419759274,0.062686443,0.143344879,0.002001524,0.004003048
0.014131308,0.096997976,0.364374876,0.064803362,0.14296484,0.001007795,0.003008842
0.012814283,0.087987661,0.375310659,0.062245607,0.144317389,0.001000881,0.003198385
0.013413906,0.092918873,0.38698864,0.065270424,0.14798522,0.001039982,0.003174782
0.015316486,0.094719887,0.423827648,0.066972494,0.147615433,0.001123428,0.003144026
0.014482975,0.088520288,0.375089407,0.058902502,0.144145489,0.001000166,0.002984047
0.014548302,0.088470221,0.377600431,0.06210494,0.15208745,0.001020908,0.003021717
0.014315844,0.093966007,0.372963905,0.061007977,0.145737648,0.00100255,0.004153728
0.020414591,0.103527784,0.367898703,0.057902813,0.145753384,0.000999928,0.003001451
0.014881611,0.087615013,0.416235209,0.064614534,0.144277096,0.00100255,0.003340721
0.014973164,0.090708494,0.369969606,0.07759285,0.144705057,0.001137972,0.003159285
0.014686584,0.090609789,0.372472763,0.063496351,0.143309116,0.001000643,0.00300169
0.014150858,0.089307308,0.373001099,0.061440706,0.143660784,0.001007795,0.003009319
0.013171434,0.086794138,0.439390421,0.060695887,0.142822981,0.001000166,0.003002167
0.015014887,0.087105274,0.368525982,0.060279846,0.143642902,0.00100255,0.003158331
0.01450491,0.092690706,0.368722439,0.063592196,0.147097826,0.001020193,0.003138304
0.014687061,0.087347984,0.374823809,0.06079793,0.14398551,0.001000881,0.003005266
0.015158415,0.089853525,0.369124413,0.063020706,0.144770145,0.001000643,0.003502607
0.014118195,0.091714144,0.380923033,0.064104557,0.195692062,0.001000643,0.002503395
0.014135599,0.088403702,0.37186718,0.064189196,0.143505812,0.001523018,0.003525496
0.015455723,0.092506886,0.372655153,0.061767817,0.143345833,0.002021074,0.003144264
0.013525009,0.09172368,0.385118246,0.060237408,0.143606186,0.001019716,0.00302124
0.015171766,0.091088533,0.435359716,0.063970566,0.144848585,0.001000166,0.003141165
0.01473856,0.08941865,0.381323576,0.064340353,0.147558212,0.001999617,0.004205942
0.026534319,0.089114189,0.375624895,0.061929226,0.148864508,0.00100112,0.003045559
0.014009953,0.088745832,0.375351667,0.060668468,0.147046804,0.001001358,0.003145456
0.015198469,0.085999727,0.416690111,0.06482625,0.148973465,0.00114727,0.003150463
0.01456809,0.088648558,0.380522728,0.05977869,0.143132925,0.001001358,0.003193378
0.013469458,0.089264393,0.371074677,0.061858416,0.143314123,0.001019955,0.003021955
0.016021252,0.085437536,0.375025034,0.060112715,0.143610239,0.001020432,0.003021717
0.01533556,0.089461565,0.37069273,0.063511848,0.144403458,0.001020432,0.002143145
0.012373447,0.089669943,0.409742117,0.062588453,0.141893864,0.001142502,0.003163576
0.017067909,0.092498064,0.379963636,0.06131506,0.146910191,0.002025604,0.0041399
0.015515089,0.091117144,0.373207569,0.059481382,0.150449038,0.001209974,0.003212929
0.014543056,0.089488745,0.372903585,0.063795805,0.144392729,0.001001358,0.003002644
0.015434504,0.113670111,0.414631844,0.058065414,0.145753622,0.001000166,0.003002167
0.016155243,0.09107542,0.394404888,0.064595461,0.142857075,0.001165628,0.00316596
0.014351845,0.089433908,0.375207424,0.063053846,0.142612934,0.000998974,0.003000975
0.015533209,0.08881402,0.363817453,0.065464497,0.147839069,0.000163317,0.003309488
0.014585733,0.093500137,0.406127453,0.060813427,0.145286798,0.001000881,0.003002167
0.013124704,0.088191986,0.368272781,0.062649965,0.143672943,0.002001524,0.003002167
0.016318083,0.090429783,0.367271662,0.060853243,0.142343998,0.001000881,0.003002167
0.01271677,0.088323116,0.372710705,0.060394526,0.14375329,0.001000166,0.003171206
0.013870955,0.086777687,0.368010759,0.061945677,0.143409729,0.001001358,0.003002167
0.015380144,0.086710215,0.406585217,0.063688278,0.14352417,0.001000166,0.003002644
0.014513493,0.089756966,0.385030985,0.058121443,0.144012928,0.001001835,0.00300312
0.014513016,0.087953329,0.393706322,0.060429573,0.141903162,0.001291037,0.003311157
0.013279438,0.095139742,0.383995295,0.064101934,0.150810003,0.001000643,0.003149033
0.014268875,0.088756323,0.416031122,0.06208849,0.145763397,0.001520395,0.003502846
0.014670134,0.090405703,0.37128377,0.061853886,0.153218746,0.001000404,0.003196478
0.014129162,0.090926647,0.385408878,0.061863422,0.144472599,0.001001835,0.003159285
0.015538216,0.084004879,0.366876125,0.063055515,0.149432898,0.002001286,0.004205704
0.014313698,0.090166092,0.378181696,0.066533089,0.144254923,0.001999617,0.004205227
0.014569283,0.08894825,0.407629728,0.064240694,0.151357889,0.001020432,0.003022909
0.013226271,0.091610432,0.372367144,0.061414957,0.143504143,0.001501322,0.003502369
0.01427412,0.08733058,0.37474227,0.060369015,0.144437075,0.001000404,0.003001928
0.0141294,0.089073658,0.396533489,0.063162327,0.144652605,0.001000166,0.003502369
0.013142824,0.086141109,0.42538619,0.059134245,0.146093369,0.00098753,0.002988577
0.016548395,0.088408709,0.367836475,0.058500051,0.142006874,0.001168251,0.003171206
0.0137012,0.088311195,0.369325399,0.060156822,0.144785404,0.001000643,0.003502846
0.01660037,0.087013006,0.37998724,0.057305574,0.142165422,0.001018286,0.003182173
0.018684864,0.089380503,0.426814795,0.06213975,0.14692378,0.001000166,0.003002644
0.014580965,0.089857578,0.381994009,0.057565451,0.145117044,0.00100112,0.003001213
0.014499187,0.087434292,0.372632504,0.06458354,0.145305395,0.001000881,0.003136396
0.013743162,0.090312481,0.370363951,0.06407547,0.148318291,0.001139879,0.003141165
0.014472485,0.090854883,0.363108158,0.060786486,0.166322947,0.001000643,0.003001928
0.019236565,0.090519905,0.424861431,0.061847687,0.141865492,0.001021147,0.00302124
0.013181925,0.09174633,0.379738331,0.064273357,0.143343687,0.001000404,0.004166842
0.015339375,0.09337759,0.372472525,0.069781542,0.141919136,0.00100112,0.00300169
0.015322924,0.089119434,0.370256662,0.060861349,0.145490885,0.001001835,0.003002644
0.014415741,0.089744568,0.420855284,0.063091516,0.141653299,0.001020193,0.003159285
0.01444006,0.08972311,0.369233847,0.061217546,0.142853022,0.001000881,0.00315237
0.015285015,0.088279724,0.368917942,0.0610919,0.142989397,0.001000643,0.003002644
0.016948223,0.087330341,0.376113415,0.065381765,0.142744541,0.00150156,0.003502369
0.015463114,0.089289904,0.375269651,0.061578989,0.144086361,0.001132488,0.004153967
0.014433146,0.092734575,0.378237486,0.065227032,0.190363884,0.00100112,0.003133535
0.013460636,0.091790676,0.383971214,0.061070681,0.143674135,0.001000643,0.002165079
0.015304089,0.087224722,0.401503801,0.061962843,0.144771099,0.001190662,0.00321126
0.014020205,0.094707966,0.367033243,0.058297396,0.146908283,0.001157761,0.003179073
0.016145468,0.091518402,0.419487715,0.08304143,0.148197412,0.001501322,0.003502131
0.014333487,0.088523149,0.386541843,0.068453312,0.142969847,0.00130415,0.002305031
0.016324997,0.090718985,0.379714727,0.058761835,0.147751808,0.001000404,0.002502441
0.013263941,0.088487387,0.363801003,0.060455084,0.140063286,0.001000881,0.003002167
0.014555931,0.104063272,0.415591002,0.060327291,0.147709846,0.001000404,0.003144979
0.014112949,0.087831736,0.370200634,0.060096025,0.14329648,0.001155138,0.003504753
0.013293505,0.092677116,0.365888596,0.061008453,0.143394709,0.001000643,0.003002167
0.014154196,0.090872049,0.365988016,0.060848951,0.14529562,0.001260519,0.003262997
0.013432741,0.092021227,0.365401745,0.063455105,0.142518282,0.001000881,0.003001928
0.018595457,0.111213446,0.559744596,0.071624756,0.159242392,0.001000881,0.004000425
0.018018484,0.126140594,0.379715204,0.069672585,0.255316019,0.002020121,0.004121304
0.016534805,0.090881586,0.387456417,0.0602355,0.145758629,0.001000881,0.003002167
0.016499043,0.097812653,0.380335569,0.059188843,0.143292665,0.001135349,0.003156424
0.01614356,0.085260153,0.42740345,0.063333035,0.146299601,0.002001524,0.00651288
0.015425205,0.088624001,0.365884066,0.060453415,0.144984722,0.001003027,0.003003836
0.013298988,0.091733456,0.369608164,0.067644596,0.144669533,0.00100255,0.003154278
0.015646696,0.08873558,0.369310617,0.061053753,0.149779558,0.00102067,0.003021717
0.015038967,0.089565039,0.367471933,0.06155014,0.143224239,0.002002478,0.004158974
0.014091492,0.089671612,0.361603737,0.063965321,0.194523573,0.001000643,0.00300169
0.014402866,0.092797756,0.39384079,0.061150789,0.149806499,0.001196146,0.003738642
0.014140129,0.088335991,0.372325659,0.05873704,0.144429207,0.001020432,0.003022432
0.016744614,0.08757472,0.371008158,0.061027765,0.144822836,0.002001047,0.00400281
0.015637398,0.088649035,0.413300514,0.059578657,0.144288301,0.001000643,0.003002167
0.020601749,0.089078188,0.38781786,0.059795856,0.143907547,0.001500368,0.003502131
0.014331579,0.093350172,0.370874405,0.062525034,0.157537699,0.001000643,0.003502369
0.013227701,0.089595556,0.369895697,0.063170433,0.146437168,0.00100112,0.003002405
0.015455484,0.090772152,0.409852266,0.060341835,0.148551226,0.001177073,0.003180504
0.015815258,0.088866711,0.373485088,0.060409069,0.147545576,0.000519276,0.002540827
0.013336182,0.089240789,0.367863417,0.063491821,0.163249493,0.001001358,0.003002167
0.013239622,0.087958336,0.367462873,0.059697628,0.144351244,0.001000643,0.00300169
0.014510632,0.090785265,0.372080326,0.058406115,0.150643826,0.001155138,0.003158092
0.015712976,0.088829279,0.411099672,0.058197498,0.144403696,0.001000643,0.003002405
0.015518427,0.088456392,0.370309591,0.06286788,0.143675804,0.001000881,0.003002644
0.013163805,0.09015727,0.379031658,0.061794519,0.143155813,0.001146555,0.002166986
0.01412344,0.09500742,0.35984993,0.060987949,0.142867804,0.002022028,0.004178286
0.014756918,0.087510109,0.415565729,0.066080809,0.146678448,0.000890255,0.003508806
0.014840364,0.091001987,0.373355865,0.059552908,0.142721176,0.00111413,0.003135204
0.013571262,0.090630054,0.369734049,0.062914371,0.148098469,0.001001835,0.00300169
0.015709877,0.094141722,0.388464451,0.060418844,0.14966774,0.001000166,0.00300169
0.01325202,0.085571766,0.418650627,0.065723896,0.144407272,0.000999689,0.003000975
0.019432068,0.087799311,0.393782616,0.059871435,0.144415855,0.001001358,0.004051685
0.013355017,0.091450453,0.378965616,0.081930637,0.145025492,0.00109601,0.003259182
0.018442154,0.090939522,0.37401104,0.074776649,0.149584055,0.001000881,0.003277779
0.01427269,0.089485645,0.37509346,0.061801672,0.143954039,0.001000643,0.003502846
0.014159203,0.089477301,0.420091629,0.06270051,0.146309614,0.001001358,0.003002167
0.015170336,0.089821339,0.371012449,0.05936718,0.145504475,0.001019478,0.003021479
0.013145447,0.087940931,0.367179155,0.06596756,0.142990589,0.001020432,0.003021955
0.013306141,0.091204166,0.369243383,0.060034513,0.146679163,0.001113176,0.003133774
0.014021158,0.089689016,0.413845539,0.063674212,0.151454687,0.001179695,0.003182411
0.015902758,0.088638306,0.393467426,0.058417797,0.144243956,0.001000643,0.004295588
0.01313591,0.085791826,0.364176512,0.064171791,0.144510031,0.001012087,0.003014088
0.014150381,0.091728449,0.360970259,0.075165033,0.143426418,0.001019716,0.00302124
0.014168024,0.096883535,0.384109259,0.06091404,0.150243044,0.001349926,0.003353119
0.014270067,0.090288639,0.415180445,0.061567545,0.145703316,0.001173258,0.004323244
0.015342474,0.089483738,0.376588583,0.059918165,0.144225597,0.001001358,0.003002167
0.015231371,0.089193344,0.374357939,0.064960003,0.14557147,0.000999689,0.003001213
0.018192291,0.089534998,0.397314548,0.059868574,0.144464493,0.001000643,0.004002333
0.013897181,0.090838671,0.411378622,0.057048321,0.143533468,0.001000643,0.003002167
0.013244867,0.089058876,0.375828743,0.059109926,0.148174763,0.001129627,0.003150702
0.014581919,0.090677977,0.374765158,0.060746193,0.145679951,0.00100255,0.003002167
0.014685392,0.088608027,0.367913961,0.061014414,0.14641428,0.001000643,0.003154755
0.017426491,0.088508844,0.407979727,0.058714628,0.143398762,0.001001358,0.004004002
0.014110327,0.117278814,0.369204998,0.059914589,0.1444242,0.001000643,0.003002167
0.013712406,0.091248512,0.375025988,0.060368776,0.144337177,0.00150156,0.003502846
0.014570713,0.088683844,0.368448257,0.060013771,0.144437551,0.001000643,0.003001928
0.013754368,0.087723017,0.366941214,0.061272144,0.143875837,0.001001596,0.005002022
0.014905214,0.090468645,0.438099384,0.060652733,0.16368556,0.001143932,0.00316453
0.015638113,0.089094877,0.37081027,0.057715654,0.147874355,0.00100255,0.003168344
0.017481089,0.090887308,0.373827457,0.061655521,0.146141052,0.00100112,0.003484964
0.013538361,0.090557814,0.366233587,0.061269283,0.145519733,0.001020432,0.003283262
0.01445055,0.089040518,0.441660404,0.060815573,0.14426899,0.001019478,0.003136635
0.015256405,0.087752581,0.378847837,0.059162855,0.144866943,0.00100112,0.003163099
0.016667604,0.094231606,0.37625742,0.062003613,0.143499374,0.00100112,0.003001928
0.014182806,0.087595224,0.367601871,0.061201811,0.142751455,0.001019716,0.003141165
0.013278961,0.089755297,0.370610237,0.064635277,0.152424812,0.00100112,0.003130198
0.013508797,0.090880632,0.408444881,0.059410572,0.14345932,0.001122475,0.003143787
0.013525248,0.109865427,0.380411148,0.060945511,0.144767523,0.001000643,0.003002405
0.015670776,0.125709772,0.375676394,0.062380075,0.14835906,0.002001047,0.00400281
0.014293671,0.088760138,0.396313429,0.060669184,0.145583868,0.001000166,0.00300169
0.014148951,0.086695671,0.418531895,0.067816257,0.146450043,0.001000166,0.003193855
0.017429113,0.090623617,0.803432941,0.058539391,0.143674135,0.004002571,0.009006262
0.012991905,0.119102478,3.05185008,0.060397387,0.256183386,0.00100112,0.003002405
0.012989759,0.090107203,0.851394415,0.062048674,0.144220591,0.002000809,0.009507895
0.049687147,0.328737259,1.273458958,0.262185812,0.606967211,0.00274539,0.007503748
0.035909891,0.123057365,0.957490206,0.160108805,0.326939344,0.001000643,0.004044294
0.014336586,0.100665569,0.394521713,0.062678337,0.154763222,0.001000166,0.002999783
0.018658876,0.096173286,0.454678059,0.070907116,0.149887323,0.00200367,0.004004955
0.013992071,0.099808693,0.421689749,0.064497471,0.154159784,0.001017809,0.003520012
0.015015125,0.102791548,0.43778944,0.062889576,0.181637287,0.001087904,0.003089905
0.014291525,0.094838381,0.414567232,0.063805819,0.156980276,0.000981092,0.003001928
0.015155554,0.091471672,0.401640654,0.063972235,0.149158478,0.001020193,0.003022194
0.014168024,0.101777315,0.413342237,0.063504457,0.158941746,0.001000643,0.003001451
0.015496492,0.095264196,0.410565138,0.060318232,0.1513381,0.002020836,0.00418663
0.015419245,0.094318628,0.417676449,0.063650608,0.145733356,0.001004934,0.003021479
0.016518593,0.097121716,0.437611103,0.070073605,0.157236099,0.001000404,0.003001451
0.022020817,0.103076458,0.511878252,0.087203026,0.155141592,0.00100112,0.003522873
0.014948606,0.113855362,0.453623295,0.061340332,0.167170763,0.002004147,0.005007505
0.024324179,0.160125971,0.506816149,0.121934891,0.220796108,0.00100112,0.004002333
0.018114328,0.114276171,0.584749699,0.063886881,0.161832571,0.001000643,0.004003286
0.016475916,0.119194031,0.398108721,0.065007687,0.194551945,0.000981331,0.002982378
0.016834736,0.097457886,0.438491344,0.059996367,0.153812408,0.001125574,0.004302263
0.016564608,0.096539974,0.462643147,0.075165033,0.156153202,0.00135231,0.003353834
0.015650988,0.09691453,0.405484676,0.065459728,0.1790452,0.000980854,0.004213333
0.018565416,0.094778776,0.385412216,0.078943729,0.150636911,0.001001358,0.003003836
0.016800165,0.0933671,0.413655519,0.064582825,0.152764559,0.001003027,0.003003836
0.01970315,0.202101469,0.49182272,0.084610701,0.160188675,0.001003027,0.003138781
0.015783787,0.093760967,0.396566629,0.063230038,0.153140783,0.001121521,0.003142834
0.012989998,0.092070818,0.385238647,0.061626434,0.153106213,0.001000881,0.003203392
0.023448706,0.089755535,0.427960873,0.070824623,0.145247459,0.001156807,0.004179955
0.018181562,0.108939648,0.795501471,0.064988852,0.216972828,0.001000166,0.004001379
0.01413703,0.18571949,0.435849905,0.07186079,0.317909479,0.001020193,0.003022194
0.015381098,0.169525862,0.657497883,0.063991547,0.182456732,0.001264334,0.003284931
0.039476633,0.147766829,0.614532232,0.184146881,0.169084787,0.001000643,0.003238201
0.0146029,0.107052326,0.433932543,0.066404819,0.209871054,0.00100112,0.004214764
0.014543533,0.103013515,0.480997801,0.068570137,0.202318907,0.002982378,0.006986141
0.014338255,0.090265751,0.378813744,0.062717915,0.164526463,0.001003027,0.003003836
0.026249647,0.098772764,0.430978537,0.084392786,0.144802094,0.001000643,0.003001451
0.014119864,0.08986783,0.377751112,0.063231945,0.151552439,0.002003908,0.004204512
0.0131073,0.106299162,0.406545877,0.063596249,0.156710625,0.002002001,0.004169941
0.015227795,0.090316057,0.469588757,0.064753532,0.316927195,0.00100255,0.005218983
0.026799679,0.127475739,0.623441458,0.104086161,0.181589127,0.002002001,0.005003214
0.02966857,0.144876242,0.416147947,0.083648205,0.18266058,0.001000643,0.004000664
0.014716148,0.091608286,0.412218332,0.06388998,0.149191141,0.002207041,0.004227638
0.019176245,0.117626667,0.450244188,0.105882645,0.173423767,0.001003265,0.004005432
0.018407106,0.113618374,0.565582752,0.080274582,0.184764385,0.002002001,0.011459589
0.013383627,0.090811729,0.395290852,0.057278395,0.156185389,0.00102067,0.003260612
0.017931461,0.146622658,0.399813175,0.068475485,0.18639493,0.00200057,0.004001856
0.015138388,0.092042208,0.508310556,0.062520027,0.148720503,0.001363754,0.00334239
0.016796589,0.113163233,0.404196978,0.124836683,0.176527023,0.001001358,0.004223347
0.024496317,0.116193533,0.429592848,0.064759016,0.14689827,0.001983166,0.004185915
0.014355659,0.089601517,0.395689011,0.062438488,0.145911694,0.001538277,0.003539085
0.014168024,0.091870785,0.395678043,0.061777353,0.155966997,0.001000881,0.003001928
0.013136387,0.091512442,0.415200949,0.065509558,0.156001091,0.001130342,0.003151894
0.015133858,0.08901763,0.403939962,0.07006216,0.152340651,0.001020193,0.00327611
0.015156031,0.091272593,0.384689093,0.063962698,0.163644075,0.001181602,0.003184795
0.015528679,0.089489698,0.382704735,0.065017939,0.145983219,0.001001835,0.003130913
0.014273882,0.092504978,0.430490732,0.066600323,0.145965099,0.001000881,0.003225565
0.014110088,0.091878414,0.387528419,0.062771797,0.148706913,0.002020597,0.004162073
0.013401508,0.098037243,0.407022953,0.070223808,0.184809685,0.001207829,0.00521183
0.018362522,0.152690172,0.403858185,0.066799641,0.270794868,0.001000404,0.00320673
0.01678443,0.095896721,0.916198254,0.066926241,0.163296223,0.001000643,0.004024267
0.016581297,0.092893362,0.369937658,0.061635017,0.157082796,0.001538515,0.003500223
0.013378859,0.091332436,0.369771242,0.061476707,0.153233528,0.001000643,0.0035007
0.014371872,0.087711573,0.37698698,0.065419436,0.143284082,0.001000881,0.003524542
0.023523569,0.165608406,0.377227306,0.073501587,0.153500319,0.001000404,0.004024744
0.019389153,0.123667479,0.506226778,0.073901415,0.166399479,0.001337528,0.002357721
0.02077961,0.132867813,0.495901585,0.112755775,0.199186087,0.002001286,0.006793261
0.022610426,0.106718063,0.491532087,0.0950284,0.247601271,0.001980066,0.003979683
0.019638538,0.095468283,0.415486813,0.064715624,0.161719322,0.001020908,0.00302124
0.01437211,0.09252882,0.444483995,0.061003685,0.144634008,0.001002789,0.003134727
0.014717102,0.088002682,0.378439665,0.059518576,0.151235104,0.001000166,0.003000975
0.014648676,0.098809719,0.372493505,0.059010744,0.147444963,0.001000166,0.00300169
0.015020132,0.087319613,0.381458521,0.060335636,0.146315575,0.001000643,0.004002094
0.014494658,0.089629173,0.370014191,0.06042695,0.145011663,0.001150608,0.004191637
0.01658082,0.091807842,0.436164141,0.058239937,0.146733284,0.000999212,0.003009558
0.015950441,0.086977482,0.388856173,0.061780453,0.147783041,0.001522779,0.003501892
0.026949406,0.094247818,0.4574368,0.085016727,0.158568621,0.001020432,0.003158092
0.015509844,0.100082874,0.397139788,0.066429138,0.158037424,0.002020836,0.004158974
0.01561451,0.087325811,0.429375172,0.059475899,0.147712946,0.001020432,0.003021955
0.033409834,0.132952452,0.521562338,0.101780891,0.151756763,0.001001835,0.00323081
0.015532732,0.109893799,0.512798309,0.073826075,0.179383278,0.000980854,0.004034519
0.030081987,0.109026909,0.38105154,0.063950062,0.191244125,0.00102067,0.003021717
0.014503956,0.09727478,0.442514181,0.064144135,0.157616854,0.002001524,0.004003048
0.015153885,0.08853054,0.388906717,0.063073397,0.144984722,0.000995159,0.003158331
0.013895035,0.10417819,0.439720392,0.060585499,0.16058898,0.001000643,0.004247189
0.021687746,0.110334396,0.803892612,0.173155546,0.273461819,0.001021147,0.005005836
0.015271664,0.095431328,0.420945406,0.064075232,0.166574001,0.00201869,0.004158974
0.014181614,0.091498613,0.605831623,0.063915014,0.151781797,0.001000166,0.003158569
0.015187502,0.099783182,0.421797752,0.071389198,0.162894249,0.00113368,0.004136324
0.017598629,0.140655518,0.681718826,0.109389544,0.316853762,0.001000643,0.003002167
0.014249563,0.096896648,0.527588606,0.061034918,0.316119909,0.001002312,0.003001451
0.023456812,0.183227301,0.736094236,0.10711956,0.197657585,0.000979424,0.003490925
0.019570827,0.144451618,0.449277878,0.069878817,0.309686184,0.009559155,0.014834166
0.01342988,0.090450764,0.469851017,0.058463573,0.261874199,0.001020432,0.003022671
0.014298677,0.100910425,0.427103281,0.060696125,0.193501711,0.002000809,0.00300169
0.021825314,0.107968092,1.001874208,0.068758249,0.177139997,0.001000643,0.004219294
0.013252735,0.091010809,0.459427834,0.062696934,0.476459503,0.001000643,0.003020763
0.014160633,0.095096588,0.616804361,0.075199366,0.154217005,0.002000809,0.005003691
0.013509989,0.088766575,0.586621046,0.061277628,0.177021265,0.001134872,0.00554204
0.020543337,0.109791517,0.766937494,0.073456049,0.177851915,0.002002001,0.004184723
0.01550746,0.105239391,0.72492075,0.075594902,0.192066908,0.001499414,0.006502867
0.035447598,0.19129324,0.548954248,0.120125771,0.2495718,0.002001047,0.003002167
0.015855312,0.138312578,0.43350482,0.061233282,0.162185431,0.001003265,0.003180027
0.020904541,0.135748386,0.467908859,0.070026398,0.145615101,0.002001762,0.006491423
0.016351461,0.100084305,0.636726618,0.060662746,0.234956741,0.001002312,0.003003359
0.017855883,0.190569878,0.438775778,0.081689119,0.19523263,0.001001596,0.003221273
0.021865129,0.14470768,0.500729084,0.124392271,0.153028011,0.002000332,0.004197836
0.016347885,0.114523888,0.412490129,0.066125393,0.160303831,0.001018524,0.004020214
0.014328241,0.099839926,0.441405535,0.068644285,0.170692444,0.000990391,0.003991127
0.018681765,0.11501956,0.561507225,0.071189165,0.161375046,0.001019955,0.004003763
0.019536734,0.103686571,0.679949999,0.06387639,0.161392689,0.001000404,0.004159451
0.014171839,0.09421277,0.385625601,0.064895391,0.157931328,0.001000643,0.00300169
0.016042233,0.097353697,0.398010492,0.063436985,0.15785408,0.001001835,0.003002644
0.016399145,0.103207588,0.465322971,0.062699556,0.148844004,0.002000809,0.004002333
0.01515317,0.088880301,0.410650969,0.063749075,0.154786825,0.001020432,0.003023148
0.014302492,0.1294384,0.426782131,0.064807892,0.161222219,0.001001358,0.003203154
0.01551342,0.097619295,0.421819925,0.063885689,0.165485859,0.001001358,0.003507376
0.018223286,0.088984251,0.451047421,0.065513849,0.148465395,0.001000166,0.003000736
0.016459942,0.101078033,0.401795626,0.066095352,0.158908844,0.001020193,0.003020763
0.015350342,0.089066744,0.455198526,0.064383507,0.149796724,0.000999451,0.003501415
0.016751289,0.105576277,0.647097826,0.062540293,0.229807377,0.001020432,0.003002405
0.017564535,0.099881411,0.535045624,0.065429211,0.170681953,0.001171827,0.003174067
0.019393682,0.116906643,0.473041058,0.062678099,0.171164513,0.001191854,0.003345728
0.019670725,0.102788448,0.594944715,0.078523159,0.156605482,0.000982523,0.004180193
0.01649332,0.112381697,0.41072154,0.070819378,0.171386242,0.001000404,0.003177404
0.01615572,0.098487854,0.415342331,0.068139076,0.15110755,0.001000404,0.003020287
0.014281273,0.096290112,0.550958157,0.063731909,0.177345753,0.002191305,0.00419426
0.01843071,0.107655764,0.414475918,0.065991163,0.154115677,0.001500845,0.004503489
0.034023762,0.551579714,0.818885088,0.300175905,0.414360523,0.001000166,0.003002644
0.016014814,0.101807594,0.426873446,0.069511414,0.1733253,0.001000881,0.003502607
0.015167475,0.100113869,0.501875877,0.085151911,0.162587643,0.001000881,0.00330472
0.015507698,0.103016138,0.430014133,0.063458204,0.211780787,0.000999689,0.003502369
0.015284538,0.099271297,0.483561516,0.065001965,0.163727999,0.001019716,0.003020763
0.019526005,0.115033627,0.441033602,0.071113348,0.170784473,0.00199914,0.004192114
0.015822411,0.094676018,0.407718658,0.063601494,0.350735903,0.001000643,0.004021406
0.0167768,0.101958036,0.456455946,0.067551374,0.161832094,0.001983881,0.004195213
0.015303612,0.099066496,0.420878172,0.063690424,0.159245253,0.002235413,0.005464554
0.016270638,0.092476606,0.394535303,0.063707352,0.167461395,0.001163006,0.00316596
0.015895367,0.093458176,0.397297859,0.066775799,0.14891696,0.001164913,0.003167868
0.015113354,0.096151829,0.459386587,0.082210064,0.152742386,0.001019001,0.002019882
0.015467405,0.094208241,0.419978857,0.06236577,0.150825262,0.002126694,0.00414753
0.016633749,0.100997686,0.412564993,0.063005209,0.162635326,0.001001358,0.003353357
0.015945435,0.098351717,0.404013872,0.064309835,0.15692091,0.00100112,0.003139973
0.019193649,0.09919095,0.408275127,0.064283133,0.158514261,0.001998663,0.004158974
0.015489817,0.0981462,0.454766512,0.061754227,0.169176102,0.001000643,0.00313735
0.016188145,0.096482992,0.410388231,0.069074392,0.157415628,0.002002716,0.008006334
0.014157772,0.100934744,0.423681736,0.064186096,0.162941933,0.001194239,0.005197525
0.015942335,0.100410938,0.415952921,0.0684762,0.15970993,0.00118041,0.004184961
0.016951323,0.101616859,0.460794687,0.062721014,0.162525654,0.001500368,0.004000425
0.017178059,0.09986639,0.647126198,0.09609437,0.160102367,0.00224638,0.004249334
0.017463923,0.119689941,0.647099972,0.069843769,0.27158308,0.002001286,0.006004095
0.0190835,0.131497622,0.501609564,0.081918716,0.242728472,0.002003193,0.004003763
0.014739275,0.09941411,0.467479944,0.069584131,0.19018364,0.001513481,0.00451231
0.020657301,0.134407759,0.480800629,0.099655867,0.408299923,0.00100565,0.004000902
0.015161514,0.096067429,0.401612282,0.065058947,0.173621893,0.000820875,0.003304005
0.015134811,0.09984684,0.398597717,0.066573381,0.159771442,0.001003504,0.00300312
0.015815735,0.102807999,0.422753334,0.063967943,0.196470022,0.001153231,0.003156185
0.020865917,0.101793528,0.673171997,0.064003706,0.160224915,0.001001358,0.003148317
0.016705513,0.113042831,0.425796986,0.066533566,0.19522047,0.002006531,0.004199028
0.014349461,0.09402442,0.43510437,0.067168474,0.157338142,0.000981092,0.002985716
0.014511108,0.365140915,0.531312943,0.064239979,0.169943094,0.00250268,0.008506298
0.016516924,0.10268116,0.437335491,0.063349009,0.220165491,0.000983238,0.00298357
0.019408464,0.09627223,0.390501738,0.060323715,0.15578413,0.001019478,0.004048347
0.014346123,0.093080282,0.392072201,0.058339834,0.161560535,0.001139879,0.003161192
0.015308857,0.094740152,0.414393663,0.061949253,0.153561115,0.00200057,0.005021334
0.017366409,0.115365744,0.399606705,0.067974329,0.182502985,0.001000166,0.00400281
0.01615119,0.095836878,0.443574429,0.063590527,0.160896778,0.000999451,0.003999233
0.018023729,0.142346382,0.551015854,0.098683596,0.208557367,0.001001358,0.003002167
0.06242466,0.145446539,0.494657755,0.163277149,0.197331905,0.001020432,0.005314827
0.021249533,0.11746192,0.482772827,0.069836855,0.162482977,0.009098291,0.017099857
0.014332533,0.113303423,0.452551842,0.062904358,0.311834335,0.001019478,0.003521681
0.015254736,0.100235701,0.440603256,0.063735962,0.158353329,0.003680944,0.00668478
0.016459465,0.097008705,0.388663054,0.0617342,0.178223372,0.001019955,0.004002571
0.01447773,0.092986822,0.401937962,0.06274128,0.176154613,0.001000643,0.00400281
0.014328718,0.093581438,0.435813189,0.063245058,0.154333591,0.00100112,0.003002644
0.014317989,0.092982531,0.389680147,0.061466932,0.155217886,0.00100112,0.002983093
0.014239073,0.091305494,0.563760281,0.064189911,0.151281357,0.001000643,0.004002571
0.014662743,0.096870899,0.414159536,0.062798977,0.216599464,0.001000404,0.00300169
0.015160561,0.097443104,0.644819498,0.065330029,0.193128109,0.001499891,0.003483772
0.014163017,0.092721224,0.443390131,0.065384626,0.162569284,0.002001524,0.007510185
0.017294884,0.122802734,0.484294415,0.108164549,0.196516991,0.00199461,0.015277386
0.017276049,0.108466864,0.480158329,0.086485624,0.335285902,0.001147509,0.005151272
0.020406961,0.098887682,0.513893604,0.156241655,0.158158541,0.00118041,0.002200842
0.015346527,0.12918973,0.485713243,0.060512543,0.155547619,0.002002954,0.005022764
0.017979622,0.107288122,0.603176594,0.146939039,0.222679377,0.001620054,0.004003048
0.016881943,0.107578754,0.423896551,0.061503649,0.162302017,0.001171589,0.003173351
0.014331341,0.116476536,0.456382275,0.155128479,0.165544987,0.001500845,0.004503012
0.016873837,0.105547428,0.434644699,0.06220603,0.172949076,0.000998974,0.003500462
0.014155865,0.095149994,0.440259695,0.061919928,0.267778397,0.001000404,0.003750563
0.014383793,0.095132828,0.394502401,0.061993837,0.157667875,0.001000643,0.003002405
0.015175343,0.094158173,0.443164587,0.063213348,0.155843019,0.001020432,0.003521442
0.016893148,0.104409933,0.632618904,0.069457054,0.160717726,0.00224185,0.004244089
0.013505459,0.09839797,0.436760664,0.063195944,0.179182291,0.001021147,0.004240513
0.01555109,0.098035574,0.401087046,0.066777468,0.15642333,0.001020908,0.003162146
0.014972925,0.097855806,0.403201103,0.063334942,0.159582138,0.001010656,0.003354549
0.014191866,0.127718925,0.412219286,0.06251502,0.192615032,0.00114274,0.003500938
0.015600443,0.094869614,0.440601587,0.063109636,0.154111862,0.001000881,0.003163338
0.014276028,0.091436863,0.402106047,0.061783314,0.152798653,0.00083375,0.003335476
0.015556097,0.093983412,0.393158674,0.060284853,0.155029297,0.002000809,0.004184246
0.014622927,0.094614029,0.40273571,0.061885834,0.153557062,0.002021074,0.004022598
0.01445508,0.093173265,0.393913507,0.064451456,0.161708593,0.001146793,0.003690243
0.064189911,0.172383547,0.518380642,0.083807707,0.178918839,0.00099659,0.003196001
0.026139498,0.098707199,0.41767931,0.063534975,0.161473751,0.001000881,0.003502607
0.016337395,0.101036072,0.42805028,0.066432238,0.157277584,0.00100112,0.003284693
0.02480793,0.355208158,0.519872189,0.110955477,0.230869532,0.002212524,0.005234957
0.015186071,0.095164299,0.443186283,0.066534758,0.193074942,0.001500845,0.003522396
0.013513803,0.098712921,0.396657467,0.064190149,0.155288935,0.001000643,0.004001617
0.024739742,0.107067347,0.398156166,0.089868546,0.158902645,0.00117135,0.003192425
0.015174389,0.099802494,0.41271019,0.06308794,0.151973248,0.000982761,0.004231215
0.015480042,0.126070738,0.405963182,0.061196804,0.352214098,0.002019644,0.00301981
0.017495632,0.095407486,0.479076862,0.065549612,0.164894819,0.002003193,0.004230499
0.015730143,0.096480846,0.393064499,0.064057589,0.402011156,0.001253128,0.003255129
0.01463151,0.093407154,0.390422344,0.062857628,0.153591394,0.002000093,0.004240751
0.014169216,0.098292589,0.38874507,0.061574936,0.152476549,0.001018524,0.003020287
0.014291048,0.096048594,0.540403605,0.059676886,0.159555674,0.001001358,0.00300312
0.014149904,0.119450092,0.431546211,0.066166639,0.17536068,0.001484156,0.003504038
0.015793562,0.096717358,0.397269487,0.076654673,0.159359455,0.000998259,0.003000021
0.015357494,0.094672203,0.414941549,0.062567711,0.154613972,0.001482248,0.003664255
0.014299154,0.095859051,0.442736626,0.065050364,0.154924154,0.001151323,0.004174471
0.015253305,0.095638275,0.414148331,0.061630487,0.15600276,0.001001358,0.003001928
0.015651226,0.093735218,0.387019873,0.065175056,0.15443325,0.001239061,0.004259825
0.015347958,0.109299183,0.395937443,0.061411381,0.171275854,0.001000643,0.003001928
0.014123201,0.096123219,0.386811018,0.064740419,0.152857542,0.002001762,0.004003525
0.015515089,0.093787432,0.436205626,0.061705351,0.154952765,0.001503706,0.00350666
0.011142969,0.093328238,0.38805604,0.068642616,0.153573275,0.001000881,0.003176212
0.014632225,0.095953941,0.70974946,0.07941556,0.15469265,0.000983238,0.00398612
0.016353846,0.101788998,0.476595402,0.103357792,0.160325527,0.002000093,0.004280567
0.020945787,0.099504471,0.524113417,0.143491745,0.195298672,0.002183437,0.004205227
0.014498711,0.108491421,0.408629417,0.068309307,0.170092344,0.002245903,0.004246473
0.015398502,0.095168114,0.408320427,0.068568945,0.159443855,0.001000881,0.003021717
0.018157721,0.101497412,0.408215761,0.063153744,0.165390015,0.001218557,0.003221512
0.014510155,0.100856781,0.410804749,0.067554474,0.158030987,0.001162291,0.002164602
0.01638484,0.099230051,0.412341595,0.063281298,0.227377415,0.001018763,0.003019571
0.02043891,0.102286816,0.408635378,0.062046289,0.154902935,0.001002073,0.003246307
0.015146971,0.097940445,0.405035496,0.064478397,0.158730984,0.00100112,0.00300312
0.015189409,0.097096205,0.398869514,0.068547249,0.156620026,0.001000643,0.003520489
0.015321016,0.094853163,0.462604284,0.069024086,0.157341957,0.001500607,0.003501892
0.021015406,0.100855112,0.435965538,0.06905818,0.162531614,0.001499891,0.006003618
0.020538092,0.114088058,0.518624783,0.07505393,0.171133518,0.001229286,0.004230976
0.015791655,0.113117456,0.46629715,0.06804204,0.159124374,0.001000643,0.002983332
0.017352343,0.106600046,0.497138977,0.076592445,0.293350697,0.001000643,0.003192902
0.015422821,0.093049049,0.512402296,0.060705185,0.150963545,0.00203824,0.004154682
0.036892176,0.096697569,0.471951008,0.14583087,0.248306036,0.002011299,0.007242441
0.016209602,0.164639235,0.719096661,0.08142972,0.183695793,0.002185583,0.004407167
0.028712273,0.121013403,0.620191813,0.116709709,0.372437239,0.002330542,0.007512331
0.022809267,0.116066217,0.489494324,0.086967945,0.187630653,0.000999928,0.003000736
0.0145154,0.089138508,0.376822233,0.063506126,0.159357309,0.000999689,0.00400281
0.01501441,0.088835716,0.378612995,0.061915874,0.145711184,0.001001358,0.003002405
0.014660835,0.088670492,0.374597311,0.065184593,0.146826982,0.001003027,0.003004074
0.016333342,0.08975482,0.416644812,0.063569069,0.152485132,0.001000166,0.00300169
0.016695261,0.089835405,0.379431725,0.058478117,0.161767483,0.0020051,0.004026175
0.014798164,0.091331482,0.380750656,0.061926126,0.144652367,0.00152421,0.004008055
0.015173197,0.092923403,0.384047747,0.062836647,0.154628038,0.00100112,0.004176855
0.015327692,0.090364218,0.43692255,0.058558941,0.147477388,0.001000643,0.003149509
0.014496326,0.094592333,0.374510765,0.069635153,0.14633894,0.002001524,0.004003286
0.015313387,0.087697506,0.382870436,0.060194731,0.149742126,0.001000404,0.003222704
0.015329123,0.090044022,0.368380308,0.082672119,0.146399975,0.001211405,0.003232002
0.013461828,0.091450214,0.383269072,0.065171242,0.149264336,0.00112915,0.004321575
0.014603615,0.091015577,0.41548419,0.059994936,0.160225391,0.00113821,0.004273653
0.015019178,0.092995167,0.37050581,0.057410717,0.15582633,0.001154184,0.004175901
0.014100552,0.09216857,0.374038935,0.058148861,0.145166874,0.00100112,0.003001928
0.016141415,0.08835721,0.38532567,0.062650919,0.150882959,0.00100112,0.003002882
0.015381813,0.089698076,0.426787615,0.06190896,0.146366835,0.002001524,0.004003048
0.01422286,0.091073513,0.36978364,0.061620235,0.148348808,0.001000166,0.003019094
0.015460014,0.091432095,0.371689796,0.06305933,0.147673845,0.001220942,0.003240585
0.014275312,0.087643862,0.378560305,0.059277773,0.145956993,0.001501083,0.003483772
0.015334368,0.097565174,0.38950634,0.060702085,0.155200958,0.001000643,0.004129171
0.022724867,0.10399437,0.421933651,0.063018084,0.148493528,0.001016378,0.003018856
0.013316631,0.090655327,0.375314474,0.062485695,0.144738674,0.001021147,0.003023148
0.0143466,0.091806889,0.381244421,0.062015772,0.149010897,0.001522541,0.003506422
0.01643014,0.110993862,0.371822596,0.060298204,0.146424294,0.001000643,0.003001928
0.0154562,0.091438055,0.422442436,0.065333366,0.144109011,0.001000643,0.003123283
0.016160727,0.086983919,0.377142906,0.062586546,0.148360729,0.001000166,0.003001451
0.015531778,0.094595432,0.381583214,0.058810711,0.147571087,0.001145124,0.003146648
0.013496161,0.089180946,0.370439291,0.066190958,0.146576166,0.001003027,0.003003359
0.014249086,0.089771748,0.41934371,0.06269598,0.147922516,0.001161098,0.00316453
0.015576124,0.090330839,0.37649107,0.059026718,0.145446539,0.000983,0.004125834
0.014445782,0.088445663,0.404475927,0.064782858,0.146483183,0.000999451,0.003001451
0.014545679,0.088969946,0.396821499,0.098900795,0.150239706,0.000995636,0.00299716
0.014501572,0.121266842,0.3875072,0.062048435,0.145803213,0.002001524,0.004545689
0.014469862,0.094171762,0.420212507,0.06115365,0.17329812,0.001302958,0.003324032
0.015312433,0.089716196,0.380192995,0.063067913,0.146259308,0.00100255,0.003131151
0.014314175,0.092834949,0.373716116,0.064145565,0.145447493,0.00100112,0.003001928
0.014656067,0.090239525,0.377389669,0.059327364,0.149804831,0.000999928,0.004002094
0.013310432,0.111927271,0.421825886,0.064765453,0.146458387,0.001000881,0.003002167
0.017136812,0.088292122,0.37688303,0.060432196,0.147843838,0.001001358,0.003185272
0.015325069,0.08907485,0.375613451,0.064733744,0.1480937,0.001002073,0.003021955
0.01555562,0.088243484,0.381422281,0.060496092,0.147013426,0.00100255,0.003131628
0.01478529,0.08801055,0.366145372,0.063598871,0.14567852,0.00100112,0.003503323
0.014995098,0.092089653,0.373352051,0.061209202,0.192038536,0.00100112,0.003245115
0.014378071,0.086827755,0.370671749,0.065903664,0.152540207,0.001000166,0.003001928
0.017213345,0.092471123,0.36729598,0.058321476,0.145968437,0.001020432,0.00313735
0.014608383,0.090302467,0.379817247,0.059154034,0.149707079,0.001000643,0.003142118
0.014512062,0.088700533,0.421447039,0.063621283,0.144896984,0.001178265,0.003180981
0.020162582,0.090061903,0.38479805,0.062739134,0.151464224,0.00100112,0.003002167
0.016193867,0.091033936,0.373443365,0.060455799,0.149862528,0.001000404,0.003001928
0.015143871,0.091184378,0.38040328,0.069777966,0.145733595,0.00100112,0.003002167
0.02118659,0.08914876,0.417268753,0.060456276,0.167514086,0.001000166,0.003001451
0.013296127,0.112196922,0.376764536,0.061296463,0.15721035,0.001001596,0.003002167
0.014310122,0.087676764,0.388101578,0.061020613,0.147186995,0.001178741,0.003199339
0.014364243,0.091333866,0.367731333,0.061823606,0.155271769,0.001044035,0.003222704
0.013390779,0.092170477,0.375800848,0.063737631,0.15142417,0.002001286,0.003155708
0.015166283,0.085192919,0.419705868,0.060731173,0.145895958,0.001000643,0.003000975
0.013259888,0.09302783,0.374380112,0.062244415,0.145368814,0.001000166,0.003003597
0.015281677,0.089960098,0.374411106,0.061606646,0.150133848,0.001000643,0.003001451
0.016243219,0.087972879,0.377753735,0.061900377,0.14437747,0.001001358,0.00300312
0.014357805,0.093327999,0.418436766,0.063655615,0.146431684,0.00100112,0.003002405
0.014390469,0.088111401,0.389852285,0.059978724,0.145422697,0.001064062,0.003206015
0.014813662,0.091423273,0.391267776,0.062488317,0.151389837,0.000999689,0.003231049
0.014778376,0.090963602,0.374480724,0.058446169,0.149022579,0.001019478,0.003176689
0.013992071,0.088884592,0.418208838,0.06147337,0.147610426,0.001000643,0.003524065
0.013130426,0.094797611,0.383934259,0.063955069,0.147042274,0.001501083,0.003502131
0.015355825,0.090337038,0.372701645,0.08396101,0.149269342,0.001001358,0.003167868
0.013478279,0.090683699,0.384641409,0.058899641,0.147212505,0.001154423,0.00317502
0.013454199,0.087953091,0.371778011,0.064894199,0.146600246,0.001001358,0.004002333
0.014207125,0.088635445,0.418267965,0.057979584,0.149496078,0.000999689,0.003000021
0.014495134,0.090381384,0.374284029,0.060206413,0.146641731,0.001000404,0.00300169
0.014174938,0.089553595,0.381634951,0.067225695,0.145402908,0.001135111,0.003155231
0.013510227,0.093952894,0.374409676,0.062179565,0.149003506,0.00100112,0.003134966
0.014801264,0.090432167,0.406773567,0.062605381,0.145908117,0.00112915,0.004170656
0.013375044,0.089639425,0.39470768,0.065811157,0.144360304,0.001142025,0.002162457
0.014716625,0.090165854,0.373687029,0.061928272,0.158084631,0.001000166,0.003001928
0.013137817,0.092947483,0.387323618,0.062301397,0.154415131,0.000980616,0.002484322
0.015358925,0.089889288,0.375797987,0.063400269,0.148914337,0.001000643,0.002463818
0.014267921,0.088874817,0.417066574,0.065250397,0.148637056,0.001002073,0.002003193
0.01363039,0.09023881,0.379933357,0.060702324,0.148051023,0.001000643,0.00311923
0.017281771,0.089057446,0.374780178,0.086724758,0.145856619,0.001020193,0.00319171
0.013411045,0.094058275,0.382415771,0.06036973,0.147997618,0.000999928,0.003001451
0.01315093,0.09095335,0.41868329,0.060192585,0.146034479,0.00100255,0.003003597
0.013556719,0.093999624,0.366945982,0.061202288,0.147223234,0.000999451,0.00400281
0.016014814,0.089891911,0.379005909,0.059445381,0.14976263,0.001019239,0.003020763
0.014012814,0.091500759,0.379082441,0.06042099,0.145015478,0.001000643,0.003181458
0.015533209,0.088515997,0.418523073,0.060142756,0.147182465,0.001000166,0.002000809
0.013316154,0.089565754,0.372720718,0.061047316,0.148623466,0.001178026,0.003181458
0.014276981,0.09072566,0.389300346,0.062553644,0.146820784,0.001000881,0.002999783
0.014268398,0.091433525,0.371648788,0.060797215,0.146544456,0.002000332,0.004001617
0.014300585,0.09358263,0.388693094,0.067191839,0.155217409,0.001000643,0.003502131
0.01328516,0.093137503,0.433810949,0.060792923,0.165938616,0.001001358,0.00300312
0.014152288,0.088678598,0.409898996,0.062203646,0.148047924,0.001000166,0.003001451
0.015491486,0.0946908,0.383734941,0.061879158,0.14627099,0.001000166,0.00323987
0.013550997,0.092628717,0.37089777,0.092803478,0.148677349,0.001131296,0.00315237
0.013854027,0.090427399,0.427345753,0.060248852,0.15149498,0.001001596,0.003236055
0.016911745,0.089450121,0.375357389,0.060413122,0.155436993,0.001019478,0.003192663
0.015803099,0.09035635,0.381141186,0.06041646,0.148470402,0.001000166,0.003001928
0.0131917,0.090128183,0.368373156,0.063637733,0.149403572,0.001020908,0.002021074
0.018285275,0.084600449,0.370247126,0.060311556,0.144726038,0.001118183,0.003139257
0.014423132,0.089336872,0.411787748,0.063102245,0.148239613,0.001019955,0.003149748
0.016531229,0.086916447,0.375115395,0.061562538,0.150845289,0.001019716,0.003038406
0.014605284,0.090591908,0.375844002,0.059573889,0.146354914,0.00100112,0.003170967
0.013132095,0.091437101,0.362350225,0.063416004,0.150477886,0.001000881,0.003002167
0.014658451,0.094228506,0.433037758,0.061297178,0.157185555,0.001000643,0.00400281
0.014390469,0.092741728,0.383970976,0.061038256,0.150313854,0.001122713,0.004145145
0.014276266,0.092547894,0.374865055,0.06038475,0.147704363,0.000999689,0.003160715
0.01553154,0.09072566,0.384251595,0.064077377,0.150122881,0.001171589,0.003174782
0.014600039,0.091353178,0.415646553,0.08098793,0.145817041,0.00100255,0.003148079
0.014672995,0.093742609,0.372582912,0.058435202,0.145626783,0.001020432,0.003022432
0.013486147,0.118946552,0.371420145,0.061263323,0.149386883,0.000887156,0.002889156
0.016422987,0.091532707,0.381927967,0.062757254,0.146719456,0.000999689,0.003000975
0.013177156,0.08978796,0.370741606,0.059053898,0.146683931,0.001003265,0.003004313
0.015358686,0.090108395,0.419003487,0.060425758,0.149574518,0.001000881,0.003170252
0.013618708,0.088144541,0.37278986,0.062794209,0.1536057,0.00102067,0.003139734
0.014819145,0.091057062,0.367681742,0.060407639,0.146112442,0.001017809,0.002538681
